,Asset1,Asset2
2020-01-01,0.0,0.0
2020-01-02,0.05553433057596741,0.009846997179176054
2020-01-03,0.10108766567299805,0.23058047518052874
2020-01-04,-0.04426653271511702,-0.05338951899506253
2020-01-05,0.34209022978461784,0.2838659837893868
2020-01-06,-0.11222605689017563,0.053699337515837275
2020-01-07,-0.12420942408365543,-0.1552261106835972
2020-01-08,0.06896648853446015,-0.3877426315448768
2020-01-09,-0.518580079696493,-0.37785763312465864
2020-01-10,-0.31785313894351985,-0.07026445302912528
2020-01-11,-0.3114299932611418,-0.5276087833056152
2020-01-12,0.5253283928816137,0.20064163811961017
2020-01-13,0.025193811427307047,-0.3922169943843214
2020-01-14,-0.21528508570759836,-0.08177717584995907
2020-01-15,-0.46222099541363654,-0.13089149230814046
2020-01-16,-0.24606907358815627,-0.22033510297511508
2020-01-17,-0.25595661561225197,0.44074164983054664
2020-01-18,-0.005840657727858552,-0.3346035188632884
2020-01-19,0.36119790142687935,-0.2241874825383573
2020-01-20,0.09243804104006924,-0.6207747549989726
2020-01-21,-0.5994166975448315,-0.2278230026004793
2020-01-22,0.3353830130479276,0.22970678842952938
2020-01-23,-0.05467285736662641,-0.1388375406738478
2020-01-24,-0.7087239761140756,-0.6267698755352937
2020-01-25,-0.22145894748525877,0.2746899276857808
2020-01-26,0.17325395300037488,-0.5566504436581787
2020-01-27,0.16403469607748083,-0.05506723788852709
2020-01-28,-0.3432575721735227,0.05657697567480624
2020-01-29,0.5238746679920709,0.6488616240740411
2020-01-30,-0.43021613533489256,-0.3514208531388089
2020-01-31,0.17368424542531266,0.4850655324113921
2020-02-01,-0.25457054181154637,-0.22140973813876524
2020-02-02,-0.588391513682648,-0.8263074467246951
2020-02-03,0.4335892636701718,0.7956786536042874
2020-02-04,-0.03941869553054945,0.37745434973525704
2020-02-05,0.20043495946372267,-0.12902788368403206
2020-02-06,0.1997898565810283,0.7718771355006746
2020-02-07,-0.01980507660004906,0.6328472262593502
2020-02-08,-1.4499068564730475,-0.6466339990159622
2020-02-09,0.048060346062547485,-0.0985943615209484
2020-02-10,0.05740037918958058,-0.8334151899972014
2020-02-11,-0.1364202769022768,0.06666851566155406
2020-02-12,0.9113193688555633,0.35022572190673457
2020-02-13,-0.49560885206518546,-0.5478570125196175
2020-02-14,0.5827901590252836,0.514749822717958
2020-02-15,-0.3391298012902414,0.009087836023501102
2020-02-16,0.06276860918306328,0.4670441355335469
2020-02-17,-0.45271303668040885,-0.43846478744890016
2020-02-18,-0.25087173284466324,-0.8066409883633968
2020-02-19,0.1900565912439736,0.24011220198206892
2020-02-20,0.003269643825617954,-0.10233772790679901
2020-02-21,-0.8999782933092099,-0.8068210044529819
2020-02-22,-0.21631221953095753,-0.498654757670389
2020-02-23,-0.10552637760445152,0.09944831029549926
2020-02-24,1.2275392173301045,0.9559525192033849
2020-02-25,0.1663852854619092,0.0871664897539156
2020-02-26,-1.3239246586218782,-0.972693324726135
2020-02-27,0.04121966660157465,1.0623475722231348
2020-02-28,-0.14072242337728363,0.022485886290430194
2020-02-29,-0.025127540726748752,-0.5522977756801866
2020-03-01,0.819226582081734,0.941703456284621
2020-03-02,0.5612927972467135,-0.0009574431790907875
2020-03-03,1.0149775091587185,0.1342905267223912
2020-03-04,0.42539937666162947,1.314072347154708
2020-03-05,-0.7387770294482071,-0.7797095906783001
2020-03-06,0.07411499731897535,-0.1951007413240072
2020-03-07,-1.1657155356531232,-0.8434629517623209
2020-03-08,-0.7897591208194852,-0.3646474112033395
2020-03-09,-0.7115973863888225,0.20248420191293437
2020-03-10,-0.6122500876547875,-0.6052594972107067
2020-03-11,0.6384594688759012,-0.1393704676109306
2020-03-12,0.17868191538326272,0.7500022326614567
2020-03-13,-1.2634414556220164,-0.7948149085070697
2020-03-14,0.20198276623858857,0.5250403080042785
2020-03-15,-1.002742747419129,-1.342695296599182
2020-03-16,0.4181995108482839,0.44088711648536494
2020-03-17,0.20523421978818762,0.3234468708094974
2020-03-18,-0.5532026457750626,-0.310225485364995
2020-03-19,0.2357318735590243,-0.15653466446164405
2020-03-20,1.4970757977732265,1.359617111412427
2020-03-21,-0.9455081909591145,-0.412254473685822
2020-03-22,-0.8227117393033504,-0.28073562900488147
2020-03-23,0.9906075733840521,0.38305421593025146
2020-03-24,0.8282978080514948,0.8081782850440078
2020-03-25,0.7164881569194802,1.3818815564258713
2020-03-26,-0.21509066874513277,-0.49724889207476797
2020-03-27,-0.7811801787512792,-0.9932965871407814
2020-03-28,-0.06687051680801068,0.10719649777543312
2020-03-29,0.2411161509422338,0.5796080498114712
2020-03-30,0.011177353920269056,0.6795959912413165
2020-03-31,-0.2249305162192697,1.0731515965180354
2020-04-01,0.5248043908826702,0.018102150538520656
2020-04-02,-0.8874458405775772,-0.4517243688331336
2020-04-03,-0.1843200267834778,0.226289404663446
2020-04-04,0.394853742616847,0.2675380390472053
2020-04-05,-0.6978795684339324,-1.3036200937414373
2020-04-06,-0.3650617941076809,0.14483197703008374
2020-04-07,0.17586516054953089,-0.49416858083624676
2020-04-08,0.1410228787627869,0.30767624583123127
2020-04-09,-0.7112802349532488,-0.48229109358238204
2020-04-10,0.0463042259108504,-0.5404664003253006
2020-04-11,0.2860747702387696,0.5035314290928516
2020-04-12,0.8554550808708108,1.1999753170301586
2020-04-13,-1.078606494007579,-1.3179887764433094
2020-04-14,0.40952464146819195,0.591406372653451
2020-04-15,0.4215603881213194,2.2644468389255112
2020-04-16,0.46437690943528837,0.9518679845349234
2020-04-17,0.7735839645206692,1.0973844698567208
2020-04-18,-0.2548359648000962,0.21787987722817548
2020-04-19,-0.6309371667818482,-0.7320304197681503
2020-04-20,-0.39258795892912396,-0.3170158244108146
2020-04-21,1.8772750518091539,0.6833789000995847
2020-04-22,0.5533013838109757,-0.38768263219493065
2020-04-23,-0.4173427481861123,0.28144515533583053
2020-04-24,0.056490708619123614,-0.5840503999595187
2020-04-25,-0.6226893302105958,-0.09752321292580779
2020-04-26,-0.6271317441859703,-0.3713415520874316
2020-04-27,0.039026830873608157,-0.3430114333475237
2020-04-28,1.8323145351032262,1.7841545933150151
2020-04-29,-1.707492533679461,-1.2300342463840988
2020-04-30,-0.6065064745102188,-0.02987415839914476
2020-05-01,-0.7689226823921659,-0.6818976150083067
2020-05-02,0.4864197967488049,0.8474633617978505
2020-05-03,-1.1548458289829096,-1.0988570615013336
2020-05-04,-0.4528552533769245,-0.7066586642577858
2020-05-05,1.7124569947489041,1.6132991000091967
2020-05-06,-1.2109569347967317,-0.5397035054061265
2020-05-07,2.1473556839393493,2.3254329633869513
2020-05-08,-1.5598760993853726,-1.523558050270098
2020-05-09,1.4028486840491268,0.8597171127872983
2020-05-10,0.5048441013940237,0.8229437009211049
2020-05-11,-1.0712424597554926,-0.9494709936342353
2020-05-12,-3.7005678546972884,-3.7020458114238592
2020-05-13,-0.2891900186557891,-0.849356353176217
2020-05-14,2.2335622646148936,1.343948115082241
2020-05-15,-0.592280542050923,-0.4770795401055999
2020-05-16,2.0183145199086927,1.069709543252395
2020-05-17,1.6060749738064999,1.4214539256390504
2020-05-18,-1.3918287131237865,-0.9609698133509332
2020-05-19,0.2850495097139802,-0.048232039292098586
2020-05-20,0.1001635687249747,-0.10025284908718025
2020-05-21,0.16003091310834952,0.4529315228268664
2020-05-22,2.1952722465980927,1.289138176447652
2020-05-23,2.8999375224831043,1.56453245572604
2020-05-24,-0.21394127248943784,0.10088299424701974
2020-05-25,0.42324315942891894,0.03158959596240821
2020-05-26,-0.30757058643224255,-0.48233390604233406
2020-05-27,-0.8557896609983138,-0.27342367505963383
2020-05-28,0.5090955299260452,0.07851382570665602
2020-05-29,1.268283025796467,1.1521906982573369
2020-05-30,1.1274915946353852,1.1895753648291056
2020-05-31,-1.1495279941768144,-1.17891323898245
2020-06-01,1.0322399631900006,1.1163215417612422
2020-06-02,-0.028782441588443432,0.03008465806316934
2020-06-03,1.7491708327126865,1.175354073814544
2020-06-04,0.7352693828500598,0.5173156867300085
2020-06-05,-0.2978186418593265,0.24558060059330927
2020-06-06,1.1156107222535567,1.2725335588193167
2020-06-07,1.7337493287100558,1.427315124690249
2020-06-08,0.9036180169792631,0.6107709804062703
2020-06-09,0.43770782886547754,0.30627901755734865
2020-06-10,0.1298579086911698,0.36745093725271666
2020-06-11,-1.0781088341797749,0.0089989621396341
2020-06-12,-1.302007436475071,-1.6059426115822208
2020-06-13,1.4930795720228398,1.573240290992574
2020-06-14,0.8087353990904419,0.9634697288113518
2020-06-15,-0.01605385239411028,-0.4290662188686835
2020-06-16,0.09845711590600195,-0.22795495766642013
2020-06-17,1.24410354586096,0.9913157776145763
2020-06-18,-1.0348093710688409,-1.028343281897099
2020-06-19,0.5197142353584024,0.18622843580658952
2020-06-20,-1.0323368790241347,-0.7730101464991975
2020-06-21,0.3033240786106401,0.032136553545763
2020-06-22,-0.5819634033203755,-0.3919257845856863
2020-06-23,-1.7603188912692413,-2.110377731157736
2020-06-24,-0.8626739947714258,-0.823230539395337
2020-06-25,0.3848425044120661,0.9956525028606013
2020-06-26,1.0549528815284204,0.8560594126000619
2020-06-27,-0.023052380445202077,-0.47645783613198406
2020-06-28,-0.022436654663623483,-0.14962927082612704
2020-06-29,0.3845435408709117,-0.03543930839137322
2020-06-30,0.6085274759484014,1.2244962052754949
2020-07-01,-0.125605787991928,0.07029356527884159
2020-07-02,0.7893647178960057,0.5166371395378805
2020-07-03,0.2522114341037847,0.2298416208468253
2020-07-04,0.10933072860835624,-0.25497836722986633
2020-07-05,0.027024492362901557,0.24762214420679582
2020-07-06,1.5747591062268809,1.8160906684647808
2020-07-07,2.2997712000779855,1.6778564299355656
2020-07-08,0.962082762328417,0.9491343672342001
2020-07-09,2.5962361833211314,1.9097290385709502
2020-07-10,-0.9935175509799796,-1.1389007883927265
2020-07-11,-2.72273486639758,-2.564777618626026
2020-07-12,-0.9693022167118556,-0.7709529663017216
2020-07-13,0.47096604353288385,1.2392244276421092
2020-07-14,1.3005595465745063,0.8892028739274653
2020-07-15,-1.2112730590183038,-0.8474537085194571
2020-07-16,-1.7843143862789672,-0.7325979326616362
2020-07-17,1.5934775775909873,1.1802255334138652
2020-07-18,-2.357468343610313,-1.3525931278065713
2020-07-19,-0.15931679761705317,0.44226361586598967
2020-07-20,-2.3104383048939927,-2.167036557134924
2020-07-21,0.007457024101845681,0.028512238389926104
2020-07-22,-0.6647451711261282,-0.2576382730237806
2020-07-23,-1.5472951731107754,-1.3552600452248313
2020-07-24,0.17187086985224578,0.3811999874134777
2020-07-25,1.0239711664078794,0.3405208450164932
2020-07-26,-2.1673091849490653,-1.2345924647869353
2020-07-27,0.46598828499689066,0.04297946467572395
2020-07-28,2.24413682657229,1.8670180723348457
2020-07-29,1.6776042450474717,1.3853006735369167
2020-07-30,3.033528454253176,3.2636646039676154
2020-07-31,-0.36992542713968246,0.13377010817300886
2020-08-01,1.0272808924380161,1.5206406831864858
2020-08-02,-1.5085348217569012,-0.9719294033409358
2020-08-03,1.640293169139007,0.586017628661713
2020-08-04,-1.8369123984817253,-2.553478201913338
2020-08-05,-0.4201462968361605,-0.0009358920450689513
2020-08-06,2.373158595779449,2.115582799098056
2020-08-07,2.5282339877786715,1.4974890434817503
2020-08-08,-2.7290469794528835,-2.422290040131528
2020-08-09,0.6360417765914934,0.525794996355756
2020-08-10,-3.5590965367073837,-3.1036179871717566
2020-08-11,-2.209182850664373,-1.5692127912418372
2020-08-12,0.6670746761850517,0.11843267573338269
2020-08-13,-0.9465616400870457,-1.3261915460751228
2020-08-14,-0.11351667217253003,0.365564877957555
2020-08-15,-1.761801426900448,-1.278310940193703
2020-08-16,-0.9294542018304257,-1.191835580620489
2020-08-17,-0.18809799016227446,-0.6615623459374084
2020-08-18,-0.9604744361212812,-1.4107437107985932
2020-08-19,3.344139018380017,2.9308661249674275
2020-08-20,-1.1771465916650168,-0.9319365101351871
2020-08-21,-0.2012946349781961,-0.2840603840028828
2020-08-22,1.0899015843471285,1.3211247344376087
2020-08-23,-0.9236829167779741,-1.085847886585891
2020-08-24,-0.474063461415017,-1.4986446811172613
2020-08-25,-2.5790882838423532,-1.670580163395138
2020-08-26,2.753124160187929,2.3598348518201293
2020-08-27,0.9954570353071098,1.0355128472428436
2020-08-28,5.506188951877932,5.410915612306835
2020-08-29,-0.22596844493950516,-0.6700698678863708
2020-08-30,-3.34561154964737,-2.9637078184511436
2020-08-31,-1.5451790585778982,-2.1206974839052792
2020-09-01,-1.3719512233475841,-1.7829729009254078
2020-09-02,3.5543259315118463,3.733165645384193
2020-09-03,-0.016635970387287806,0.7251007310696539
2020-09-04,0.16858998667063338,-0.26993253129171346
2020-09-05,3.255315098116407,3.3595701024504954
2020-09-06,-2.174702657338564,-2.156160388800881
2020-09-07,-1.89797559831305,-2.5095908852796978
2020-09-08,2.014121311583277,2.8745762032390334
2020-09-09,-3.0365841432391383,-2.6542812063641055
2020-09-10,-1.4140506070480183,-1.6483673028147072
2020-09-11,-1.3178680445419269,-1.7364352027417918
2020-09-12,0.1068883658634013,-0.3242995278890965
2020-09-13,0.5894445340181783,0.5532510938112033
2020-09-14,-0.5109850009473601,-0.9671231120862284
2020-09-15,-1.2123301860902815,-0.8074725650839347
2020-09-16,1.0346694654721595,0.5225325820833788
2020-09-17,0.2028752220725902,0.5758474649740664
2020-09-18,-3.364516492879999,-2.995134235635578
2020-09-19,-1.310820991953501,-0.9878924596875763
2020-09-20,-1.575862934001831,-2.412063339535018
2020-09-21,-3.3264835562301878,-3.1668388577409803
2020-09-22,0.5282191271906415,0.04976797940485921
2020-09-23,1.3499199535170059,0.4709745378185222
2020-09-24,-0.13723026590871298,-0.7443975024016706
2020-09-25,-1.3402034112356072,-1.2581228219965412
2020-09-26,-1.7358424821616933,-1.8650034587748001
2020-09-27,2.011795493107784,1.628272150759758
2020-09-28,1.6675359064856545,1.0268154399356437
2020-09-29,1.0607550221169344,1.7394754378800714
2020-09-30,-4.929091916198947,-5.062926222602941
2020-10-01,1.1367746185421337,0.978588077227027
2020-10-02,0.8139908311432711,0.4784748811516871
2020-10-03,0.18743096027597428,0.10257750203981608
2020-10-04,2.487546774406317,2.528369543234289
2020-10-05,0.7056415328727663,0.47710505871725895
2020-10-06,-1.0319006366577026,-1.2091379758153928
2020-10-07,0.8210042987803362,0.5895246140051362
2020-10-08,0.5951266902095568,1.567698991235896
2020-10-09,1.761660229075581,1.545725478349323
2020-10-10,2.3890402358326916,2.113785814494199
2020-10-11,-4.047844659816922,-4.418023430584364
2020-10-12,-3.763598182672125,-3.795273570496563
2020-10-13,0.03961183461649805,0.8664965606687296
2020-10-14,0.7367246619414202,0.6179387588312173
2020-10-15,1.83376544139064,0.685099510378917
2020-10-16,0.5123840031953889,0.8875123933181405
2020-10-17,-3.202894037077588,-2.4792962752876364
2020-10-18,0.7203073785836854,0.4761490673909551
2020-10-19,1.3865219930216197,2.52373850162821
2020-10-20,0.3917939623124316,0.501619856017864
2020-10-21,-0.980562509388588,-1.4239169205997797
2020-10-22,1.7402353303262894,1.2058245874601767
2020-10-23,0.14792323495614523,-0.1189510397814467
2020-10-24,0.986588811285889,1.1299423013735042
2020-10-25,2.0969391377024897,1.739078713867943
2020-10-26,-0.538116093274901,-1.0353401588954299
2020-10-27,-0.8906611764808875,-0.6543006968123005
2020-10-28,1.4915796502822132,0.9477839930804404
2020-10-29,1.6889748844315675,2.3136323169002764
2020-10-30,0.7981456263319994,1.7223154074183329
2020-10-31,-1.4921060193938818,-2.0865491051828795
2020-11-01,-3.3805771845826316,-2.4639504854306753
2020-11-02,1.238374396574983,1.1838155002902364
2020-11-03,0.5558544669751762,-0.10011958761535546
2020-11-04,4.806320343451468,4.64331837103885
2020-11-05,0.2112750811067693,0.5994659700869934
2020-11-06,1.0323683464575717,1.1040913931731589
2020-11-07,-1.6646120968637628,-1.3345512988493842
2020-11-08,3.909328277603096,4.4386670325897635
2020-11-09,3.293099315837509,2.864925631741236
2020-11-10,-2.166834843696634,-2.1785250409473647
2020-11-11,0.12568379742424465,0.6914269199953034
2020-11-12,-3.822801108832056,-2.9132506257721724
2020-11-13,-0.3501236671780786,-0.5589313315146445
2020-11-14,-2.3420888415340713,-3.084371457038102
2020-11-15,1.869055382700955,1.806869205805302
2020-11-16,-2.943725331674893,-3.5268884988596585
2020-11-17,-0.7630306157839353,0.14231985648575046
2020-11-18,-0.6008508461872285,-1.387813855674747
2020-11-19,-0.5592118847904622,-0.6938568999513051
2020-11-20,-6.031039299316096,-5.920941605792308
2020-11-21,-0.507391087266937,-0.11300559667672484
2020-11-22,4.621581320747615,5.128903206536211
2020-11-23,-0.6597808095113072,-1.2358198814771755
2020-11-24,6.682798342874901,6.672685234193528
2020-11-25,0.03553863516218335,0.02239502039801821
2020-11-26,0.5683632255077506,0.4896615668268401
2020-11-27,-1.614298461988642,-1.890916011521481
2020-11-28,-0.09047852351449301,-0.3679137318641134
2020-11-29,-1.9466474264949833,-1.8859004346050956
2020-11-30,-0.6829633334177245,0.07413931533386393
2020-12-01,-7.048279519408132,-6.472085511870351
2020-12-02,3.2540026006815346,2.1723876332479177
2020-12-03,-1.0127804665256686,-1.1753922697205292
2020-12-04,-4.18696161676528,-4.434070904525444
2020-12-05,-3.247391115406555,-2.2043386684980875
2020-12-06,2.8062666007073864,3.3830092210921023
2020-12-07,2.176649803448624,1.4719945404795138
2020-12-08,-1.58190097556263,-1.2603133928063148
2020-12-09,-3.6550513149184334,-3.1176589579391476
2020-12-10,-0.7090214573295526,-0.8822435703082742
2020-12-11,2.1264386403820925,2.2638247995855654
2020-12-12,-1.0596939797774296,-0.4004307505900367
2020-12-13,-3.148574479872783,-2.6928564541918703
2020-12-14,1.6982402465316278,1.4582894847614654
2020-12-15,0.9401624630910975,0.24577118008416765
2020-12-16,2.6316239009220497,2.403877837846409
2020-12-17,-1.4627488157410775,-0.8436168919301819
2020-12-18,-1.970624999929796,-2.5793783835970903
2020-12-19,-4.294906209188535,-3.740029159070281
2020-12-20,-3.5046166745368073,-2.4209987592565314
2020-12-21,-5.889945496907443,-4.690610662997163
2020-12-22,0.604865659043619,0.5114457113065137
2020-12-23,-1.6700424670030332,-1.3094939273148998
2020-12-24,-0.11311147841958069,0.4782757967800089
2020-12-25,0.3387215328131469,0.38741523656400717
2020-12-26,-1.0565328237930924,-0.9958603821686934
2020-12-27,0.8766688521601631,-0.07413505637586582
2020-12-28,-3.7746501730016875,-3.0870912075909067
2020-12-29,0.4697631931975727,0.3333050754893129
2020-12-30,0.051735825086567835,0.22686421942898874
2020-12-31,-1.485348561701447,-1.7477574088584236
2021-01-01,0.5281384627248563,-0.009119330632071371
2021-01-02,1.0865296456363576,0.145303688185948
2021-01-03,2.6865972120321446,2.696237778807147
2021-01-04,0.6574480401415388,1.107732780882022
2021-01-05,4.295588065042656,4.456449849315119
2021-01-06,-4.6610259828226654,-4.9426820616534375
2021-01-07,-1.6502880393066695,-1.5281684406699791
2021-01-08,1.433359397546846,0.987345016427281
2021-01-09,0.5110583933496479,0.10257806816173037
2021-01-10,-1.650441244125797,-2.2722709450822522
2021-01-11,-2.444639931192154,-2.991893543516558
2021-01-12,-2.5566165190464147,-1.9006911512461957
2021-01-13,-2.487943867640033,-1.0337220943759822
2021-01-14,1.294362425471152,1.3336430566304545
2021-01-15,-2.2508364399945244,-1.7117237838854213
2021-01-16,-1.4880157412893569,-1.3294809674749413
2021-01-17,6.597105978929504,6.112491321514101
2021-01-18,2.925160148816304,2.3543556947400432
2021-01-19,-0.09977425752027476,0.8456896644848952
2021-01-20,-1.7934224398744187,-0.7173134618233665
2021-01-21,1.984208195823621,1.540612857691719
2021-01-22,1.7530757097325904,2.1675043883850593
2021-01-23,1.7086773105241695,0.7034038367195922
2021-01-24,-1.9768928038576632,-1.9718055968661505
2021-01-25,-0.200038563698217,0.16797998511765133
2021-01-26,0.47383893685719713,-0.3052785651711899
2021-01-27,0.9937663668971078,1.2540394458284727
2021-01-28,1.4351064357395646,1.9267466228809542
2021-01-29,2.102963102656188,2.2005708973141718
2021-01-30,-0.17477736638692742,-1.0775523936734461
2021-01-31,1.0662213905254407,1.1117441916444188
2021-02-01,0.6609138813841371,-0.09350497451447576
2021-02-02,-2.5908566890182625,-1.8590634524901999
2021-02-03,-0.09309578516348514,0.290664438269596
2021-02-04,0.0670961551786929,0.07873929028231762
2021-02-05,2.179645575753744,1.7419421336175962
2021-02-06,0.21893360086127786,-0.04445934091776039
2021-02-07,-0.9901671619736223,-1.0798645312525075
2021-02-08,0.4964324557990709,0.2100512510077584
2021-02-09,2.764256496290632,2.1056749845348954
2021-02-10,-0.4038179021782872,-0.5972636844771165
2021-02-11,3.176760425929366,3.01508754387239
2021-02-12,2.2229965537079104,1.3031145330921823
2021-02-13,0.5914842499149655,0.9830864518322865
2021-02-14,0.18262575664048045,0.7022184680097081
2021-02-15,-1.1275520510020518,-0.32281574513843236
2021-02-16,4.914219495645624,4.317029217231725
2021-02-17,-0.9393513876482483,-0.10753388759435736
2021-02-18,3.6457540566583635,3.0398295780408264
2021-02-19,-0.9539861379412278,-1.0062170100205836
2021-02-20,-3.161629851199657,-3.305490961363428
2021-02-21,-2.323209348922333,-2.475818455995309
2021-02-22,-0.08197440813189365,0.042591556378959096
2021-02-23,3.6714225787753736,2.8786522820337757
2021-02-24,2.284991705168559,1.9977386455500192
2021-02-25,-0.11873159940371093,0.22341631624589164
2021-02-26,-2.695330027108765,-2.2653623407370236
2021-02-27,0.3917077504676035,0.593243482559748
2021-02-28,0.6865472582273462,1.7898111265892458
2021-03-01,-1.4851386581247301,-1.6007381081309595
2021-03-02,-1.4257974688905002,-1.5938679892199779
2021-03-03,-1.443652058592839,-0.724210927581802
2021-03-04,3.183352303419185,2.6567440485563028
2021-03-05,-1.8454926943571976,-1.4555904717247383
2021-03-06,-1.2551191247592963,-0.8287113629747964
2021-03-07,0.4588132106780264,-0.3329276139683797
2021-03-08,3.453620341153825,4.021453131909993
2021-03-09,-1.3418351559034756,-1.412951022780374
2021-03-10,0.648295963094425,0.7798334117914629
2021-03-11,1.47622778530985,2.415625423703464
2021-03-12,-0.389729320546289,-0.7699820169110149
2021-03-13,-3.01169420839464,-3.2544219031532813
2021-03-14,-0.07100275900196323,0.8869540950319857
2021-03-15,-1.1367805594732519,-0.9756061741342918
2021-03-16,-0.035380890769177435,0.6186162602783846
2021-03-17,5.373968223841107,4.8748789419473315
2021-03-18,-1.0211202295405715,-0.41296903943648366
2021-03-19,1.592152445534188,2.500151262103834
2021-03-20,1.3425855471089805,1.0773464762315474
2021-03-21,1.3471559099671433,1.910812870178631
2021-03-22,1.849690832842196,2.0477412135018818
2021-03-23,2.3785877695310464,2.9363431420794255
2021-03-24,3.071064335237365,3.323470005875488
2021-03-25,-0.3739105043944375,-0.28617943350789055
2021-03-26,2.7611542598919296,2.2841181065611993
2021-03-27,0.8282641971247472,0.6082561750168195
2021-03-28,0.06548023696156735,0.7368820234303848
2021-03-29,0.42830518177975363,0.441411016587752
2021-03-30,-2.9900771023646584,-2.521248320981989
2021-03-31,1.3936431850067437,2.4758050430118463
2021-04-01,-0.6795938194677408,-0.5428733428376084
2021-04-02,0.5454433824102566,1.3985865938176214
2021-04-03,-0.20493384341265714,-0.04985775106954542
2021-04-04,1.2848213275350795,1.3632974047169528
2021-04-05,-0.926041926102551,-0.8017098385473501
2021-04-06,2.204586906196302,1.6129913639511433
2021-04-07,0.2691673597591567,-0.104187726386536
2021-04-08,2.4360022892649096,1.5542997760003368
2021-04-09,-1.1182914911469013,-0.8830031908366943
2021-04-10,3.1727434642478483,2.9683048351629617
2021-04-11,-1.1113533356826122,-0.06442448710604035
2021-04-12,-3.0018270830997658,-3.9668064312359816
2021-04-13,0.9001443516115009,0.5706123275401687
2021-04-14,-2.1509096410064616,-1.6764274702566146
2021-04-15,0.505823793455462,0.1710733597106784
2021-04-16,-2.6682621178207837,-2.068410690948009
2021-04-17,1.3310619355654802,1.2171157365622827
2021-04-18,3.847489756666425,3.048965078682504
2021-04-19,-3.1465613846007594,-3.3377898405746254
2021-04-20,-0.09918157577449294,0.037901732895631035
2021-04-21,-0.5389350247258221,-0.3188631519762722
2021-04-22,-2.742031575222073,-1.8200297164798371
2021-04-23,-0.17675047634199206,0.407143450990726
2021-04-24,0.7488090107879251,0.9280446957345083
2021-04-25,1.2207816070289008,1.3589143371613495
2021-04-26,1.3542462875455485,1.9372561105417938
2021-04-27,0.40922294270812887,0.7407227460832138
2021-04-28,-0.18510209273323924,0.5730189904547873
2021-04-29,-1.3698563018257317,-0.3590987246560749
2021-04-30,-0.07978888825394612,-0.8257917978758201
2021-05-01,0.2522074129212167,-0.13720382603001013
2021-05-02,1.623536288944766,1.1428360752860698
2021-05-03,-0.8456025464863165,-1.81396920276477
2021-05-04,-0.8545814241388926,-2.09284585438572
2021-05-05,-2.9506482656851007,-2.316916134731447
2021-05-06,1.4441605208491675,1.6227390109460123
2021-05-07,-1.8420527183725008,-1.7426857043168413
2021-05-08,-0.00682187868800036,-0.6858261032747506
2021-05-09,2.8527851380592697,3.175280509826269
2021-05-10,-0.4113890677234524,-0.37003639105905145
2021-05-11,0.4008346189174185,-0.7852302892179739
2021-05-12,-0.46703249257473084,-0.8269908010440042
2021-05-13,-1.8585876994606265,-1.928928167175621
2021-05-14,3.2786083745989663,3.4903434730456566
2021-05-15,-1.0464743887249384,-0.6713181013668972
2021-05-16,2.695444123505123,3.128706378916689
2021-05-17,0.11345694851245526,-0.25040607265733195
2021-05-18,1.3632418438073288,1.551429956604989
2021-05-19,1.7155009719878553,2.0239257335085172
2021-05-20,1.9971517365393667,1.6681286653531526
2021-05-21,2.5067178005910287,2.5756012622196476
2021-05-22,3.9712171533800507,3.5212365894144395
2021-05-23,3.386526463006182,3.4236686315877614
2021-05-24,-1.3592675484491286,-1.562467367768878
2021-05-25,-0.6943174607623791,-0.4595587902215525
2021-05-26,1.121851067678083,0.8050551529453387
2021-05-27,-0.05139017931089302,1.0095636822350977
2021-05-28,3.5990142614242258,3.6985601923387623
2021-05-29,0.0776810448070652,0.13805027966200956
2021-05-30,1.3151771223762654,0.7532631227417799
2021-05-31,-0.5413379653976841,-1.3752009984076903
2021-06-01,0.830933462243312,1.133644916654723
2021-06-02,-0.9884913207824149,-0.1301872670219535
2021-06-03,-2.4702039661027064,-3.169450225409463
2021-06-04,0.4461103028946153,0.9924179277570634
2021-06-05,3.4014344643644603,3.096608997436139
2021-06-06,2.1410331381444214,2.0899884631435084
2021-06-07,-0.3580090873062703,0.1258837950129959
2021-06-08,1.3594302194590977,0.4945097077677412
2021-06-09,3.0211409535623877,3.672037768732221
2021-06-10,-1.2678718156012525,-1.0073671184613275
2021-06-11,1.0322190317484952,1.1595777476383027
2021-06-12,-1.1375999986843501,-1.479282711782009
2021-06-13,-0.05213689666157604,0.5721105504527522
2021-06-14,1.0963464399070517,0.8850473256743693
2021-06-15,1.5274736878512518,-0.009444911931182758
2021-06-16,2.24703371407984,1.2948049562909407
2021-06-17,-0.7045701470794481,-1.3314037023927012
2021-06-18,-2.541162041148724,-1.6923287858165206
2021-06-19,-0.9034664036716424,-0.6459574895387812
2021-06-20,-0.09227916025095856,0.19883319916546494
2021-06-21,0.14889793307337176,-0.6109022279548684
2021-06-22,1.8942681200617053,1.4689243509206336
2021-06-23,-2.9036840955486114,-2.931980196448305
2021-06-24,2.8093721552835595,3.0655661867015973
2021-06-25,-0.6746791926213269,-0.8217053637335073
2021-06-26,-0.6396198894506391,0.5485297517491317
2021-06-27,0.74714014775712,0.9395420689244005
2021-06-28,1.9813842562463824,1.9940360255259209
2021-06-29,-0.4904869978908489,-0.5719131651782029
2021-06-30,-0.1363195899998552,-0.1491585666297277
2021-07-01,1.361349920661779,1.3122640090957334
2021-07-02,1.345197970944591,1.2255611770203212
2021-07-03,0.14345202693155507,-0.9132524809333074
2021-07-04,1.6605921935410537,1.7443348338236113
2021-07-05,1.7750386434820233,0.09306775944482656
2021-07-06,3.7177539650396483,3.43961281436696
2021-07-07,1.9760136263748496,1.174693832584831
2021-07-08,1.173234313026316,0.4540648310815056
2021-07-09,-1.1986610593885063,0.04076663335938662
2021-07-10,-0.36225767833572703,-0.1976856751352001
2021-07-11,1.634433235134112,1.7460070211112124
2021-07-12,0.2773219780025299,0.46247047003134434
2021-07-13,4.423799291875333,3.9129425561448805
2021-07-14,0.36324655844123926,0.9267140032535823
2021-07-15,2.209081655212716,2.642804382758007
2021-07-16,1.252594624245538,0.4846783787311441
2021-07-17,3.2330642215163046,2.3133959587558195
2021-07-18,0.5925603496385812,0.1114617700649956
2021-07-19,-0.13044098400939402,0.06923305177070231
2021-07-20,0.6419329532292672,0.8060747420778156
2021-07-21,3.1608914882560057,3.062475019250435
2021-07-22,-0.4701366700763506,0.0988609554350594
2021-07-23,2.3804318207995583,1.4986247547492182
2021-07-24,1.1737020043815627,1.4292993285405318
2021-07-25,-0.5916467380647594,0.20740408831220428
2021-07-26,-0.2949131207544579,-0.19728724889569346
2021-07-27,-0.33415313519619966,-0.2891975014892866
2021-07-28,-2.0766552990759792,-2.6091341061215645
2021-07-29,2.964222820373296,2.2080173455777126
2021-07-30,-1.8598097254542594,-2.8323154826129544
2021-07-31,-1.2397263207843041,-1.8077650183284182
2021-08-01,3.1927016172269216,3.51227772101999
2021-08-02,-1.3252003991694834,0.03347239370955844
2021-08-03,1.9691881676175862,1.6897592918277513
2021-08-04,-4.962737227734486,-3.2594495779059764
2021-08-05,-2.7660893082797386,-3.5446645684262155
2021-08-06,2.255168487525206,3.4876587581832164
2021-08-07,3.1010990295580783,3.169988064960768
2021-08-08,1.3377804869410819,1.8296565178844486
2021-08-09,1.745540681313766,1.8308156004426157
2021-08-10,0.23690080098349203,0.18370705849983252
2021-08-11,-1.7037666098170743,-1.801023045776092
2021-08-12,-3.7530040120296855,-3.634031064910603
2021-08-13,-2.178574561731719,-2.7537944011491677
2021-08-14,0.4138180385938669,1.2261060588905293
2021-08-15,2.1150607999211317,1.11123641771257
2021-08-16,-2.237722411207607,-1.6049543565410322
2021-08-17,-2.2206296856309504,-2.2610689826975294
2021-08-18,1.2457560755756443,0.5898387517935444
2021-08-19,0.23916399646529854,-0.5678203637332705
2021-08-20,-1.347363530243462,-1.0835396566597941
2021-08-21,-3.500946151797448,-3.041069148707679
2021-08-22,-0.04268454557713039,0.28397059343981085
2021-08-23,0.5045966236540506,1.2575280938022073
2021-08-24,0.2767291346450188,0.01588170518967001
2021-08-25,0.2654015429022923,0.5619771950954954
2021-08-26,0.1040285828161026,0.12076229217089442
2021-08-27,-1.4665256690705917,-1.7497151817816707
2021-08-28,-2.8743186121392132,-1.7539368454842208
2021-08-29,-2.5301430576843487,-2.7711202749589448
2021-08-30,-1.4954154593877933,-0.88120090934789
2021-08-31,-0.6223508389836929,0.1079987906879595
2021-09-01,-1.4091003736603172,-1.1534561753097858
2021-09-02,-1.7171673159581324,-0.3979933358336117
2021-09-03,-2.419497842897272,-2.064474532301369
2021-09-04,1.285363786658941,1.4015084176193684
2021-09-05,-0.3801658600131883,-0.41672384892944886
2021-09-06,0.08893897643946748,-0.0008948456576275616
2021-09-07,1.920359768593258,2.947688051315911
2021-09-08,-1.08931048099198,-1.72172109246974
2021-09-09,-0.17307579130648354,1.3105332446305487
2021-09-10,-1.557185570913122,-0.5280789624291822
2021-09-11,3.1895899166779893,2.6580990667311113
2021-09-12,1.0765787093136685,2.0368195273450147
2021-09-13,-0.7474965968340729,-0.8137605710842847
2021-09-14,-1.133195605862778,-1.706694187924333
2021-09-15,-1.2450719037848637,-1.9281043944341565
2021-09-16,0.06465823466394464,-0.41874018036078525
2021-09-17,0.4396653499130606,-0.552825717396721
2021-09-18,0.6106634110308555,1.0963851110542835
2021-09-19,-3.6149262458323617,-3.194500492874503
2021-09-20,2.190713789236381,1.334816656032066
2021-09-21,3.1900540844368583,3.265857527009403
2021-09-22,-1.3572190356611582,-1.2924400959071485
2021-09-23,1.1189274273658805,1.095364443014234
2021-09-24,1.0701875017901383,0.46634714359564755
2021-09-25,0.3324166270444606,-0.496610153086381
2021-09-26,-0.21555317657184944,-0.715934483398126
2021-09-27,-1.39914923036132,-0.5893232539591425
2021-09-28,2.037400481460285,2.252013989425219
2021-09-29,-2.025069250848326,-2.0513130357811047
2021-09-30,2.267282986441827,2.194532439236126
2021-10-01,4.366142897504589,4.309188793062977
2021-10-02,0.3662864220703652,0.17463864541473162
2021-10-03,0.27824575953819586,0.18181862318439182
2021-10-04,1.4482932027735356,1.8795264637971163
2021-10-05,-1.5776972624318775,-2.1878515760839257
2021-10-06,-3.6600630663169174,-3.232166053308275
2021-10-07,-2.189761571407974,-3.2518932854878564
2021-10-08,0.8129442343418339,2.076049342836694
2021-10-09,-0.012783066708490347,0.45375786850888716
2021-10-10,0.16973358883817022,0.1089113732234204
2021-10-11,1.8708874509442248,1.6784189010468973
2021-10-12,0.5342824403779569,0.7136714605626369
2021-10-13,-1.3359843304166064,-0.752465866448747
2021-10-14,-0.3439523034677192,-0.758975302788121
2021-10-15,1.0456443503718198,0.5210699590701168
2021-10-16,0.05394789108749755,0.047670278905713924
2021-10-17,2.053554579151645,2.252846098925153
2021-10-18,-0.046453661511301786,0.3947852598453711
2021-10-19,2.6034465575350945,2.835015559692294
2021-10-20,0.0190302443973499,-0.6737945389148906
2021-10-21,-2.008936726548669,-2.1330162530463834
2021-10-22,-1.1284877109149056,-1.2067524533207252
2021-10-23,0.10571674257725105,0.38019085120107765
2021-10-24,-0.1302334838330073,0.12131401680501525
2021-10-25,0.11693819227198302,-0.8875784843367035
2021-10-26,-1.6728087554391224,-1.7156485183671344
2021-10-27,-2.1152210421912643,-1.7554614132433068
2021-10-28,2.682715892665006,3.266284305399604
2021-10-29,-0.37914218522215665,0.40017919306977523
2021-10-30,0.2727188557140017,0.09478846657435314
2021-10-31,-1.1056585047471017,-1.2531830360298344
2021-11-01,-0.687320369026252,-0.5879678950095127
2021-11-02,0.28168034950914805,0.2795414613936638
2021-11-03,0.7552422368151457,1.34985172111676
2021-11-04,1.612700381503063,0.8415173430655037
2021-11-05,-4.28032511645082,-3.7580963763791866
2021-11-06,-2.2950199324999745,-2.343661092122016
2021-11-07,-2.194383019939403,-3.0128755058648173
2021-11-08,1.0301471401374873,1.3683275932324006
2021-11-09,-1.1097760913657584,-2.44982078977492
2021-11-10,-1.0390112852135893,-0.8140922656000286
2021-11-11,-2.7851472294789636,-2.6732454206808893
2021-11-12,-0.028499165198208314,0.2985889905483226
2021-11-13,0.22942058737909274,-0.3113390384628276
2021-11-14,2.2535212527813884,2.141802164333655
2021-11-15,-0.05049497720823416,-0.5591925108405571
2021-11-16,-0.8315643850264017,-1.2919295395059456
2021-11-17,-0.31849204597261305,0.6028924331837879
2021-11-18,-2.492406725443794,-3.319991284364337
2021-11-19,2.6254896366144904,2.463908777293144
2021-11-20,-1.2251325849725072,-0.6476647242024217
2021-11-21,-1.1387149721437946,-0.12741183269311113
2021-11-22,1.263060549990765,0.9819863854120201
2021-11-23,3.9768208415036232,3.5396414029284102
2021-11-24,1.356948180517371,1.4899652655281095
2021-11-25,2.574712232073379,3.3406884834895743
2021-11-26,0.06278501004636931,-0.3518013044366083
2021-11-27,0.9206952730766294,0.5269746319996518
2021-11-28,3.955309666758643,3.966327414824272
2021-11-29,-0.7077837162725813,-0.5917450291971332
2021-11-30,-2.795435516748395,-3.2690967635308064
2021-12-01,2.4508274964867693,2.056351704849599
2021-12-02,-2.1871277106167915,-1.8899047785220586
2021-12-03,2.5053065930511518,2.844205759429507
2021-12-04,2.1146009320704953,1.6782221287246035
2021-12-05,-3.0559529051428647,-2.243611280118581
2021-12-06,-0.6951792297545683,-0.8089685913192506
2021-12-07,2.9309796305113984,3.103890930678612
2021-12-08,0.989099970574432,2.061820822526967
2021-12-09,-1.4260423701797094,-0.9086457799510206
2021-12-10,0.12456249849292542,0.2673617043038432
2021-12-11,3.3070540204641006,3.4846959878053765
2021-12-12,1.1427310509997806,1.6783610012677677
2021-12-13,-0.8014690347956813,-1.2235605090396744
2021-12-14,-2.265686579657881,-3.2616169288100956
2021-12-15,4.389404675976313,3.748354388346106
2021-12-16,-0.4757581486360501,-0.6303980466774203
2021-12-17,0.7071381434135576,1.1444909678060795
2021-12-18,1.943795063987388,1.5942299527056518
2021-12-19,-0.3712619142453338,-0.21340532985631894
2021-12-20,-0.5513150174373028,0.31550000764281994
2021-12-21,1.0685039941102825,1.4299053441363831
2021-12-22,1.4171802220929952,2.013242328081039
2021-12-23,0.3819437137002301,-0.320451436410991
2021-12-24,0.8363151930217174,0.47284500387581146
2021-12-25,-1.0861029240652422,-0.7467133727355969
2021-12-26,2.5057652592937676,2.463040162953121
2021-12-27,0.6172024668552611,1.5078412973663542
2021-12-28,0.48884183690529326,1.8373107094304248
2021-12-29,1.1294898425525752,0.15164812194113664
2021-12-30,1.4792483060295827,1.6853072905918653
2021-12-31,2.5029942508249237,2.8487734350329887
2022-01-01,-0.2672437918782122,-0.9894626062395654
2022-01-02,-0.4111400244981355,-0.9050215937408829
2022-01-03,-1.12138491538977,-0.7627452143658002
2022-01-04,3.170070238735391,3.373672786641507
2022-01-05,-2.245824382098004,-1.9582428358502033
2022-01-06,2.3462969671021496,1.9859123553245541
2022-01-07,-0.265478260704888,-0.2536866000871157
2022-01-08,-1.5735991906299085,-1.1828403840348243
2022-01-09,-0.23805995953095913,-0.006519379532608113
2022-01-10,-1.7387055900834234,-1.9215281372389221
2022-01-11,1.3893004090739227,1.151433065731488
2022-01-12,3.3206739660562494,3.026263865439676
2022-01-13,0.42898066739196594,0.8928401198619063
2022-01-14,-2.8344176805117423,-3.617888916969043
2022-01-15,-2.995092848095098,-2.253254810588714
2022-01-16,-1.1140038034092277,0.2348134511626605
2022-01-17,-1.171622989225429,-1.0380173433073474
2022-01-18,3.160152641517474,4.177092853850094
2022-01-19,4.175177506919774,4.669104964054674
2022-01-20,2.148665838016462,2.4760580903276774
2022-01-21,1.7434339437947073,1.4314322422538255
2022-01-22,-1.8365115523654083,-1.8586920252723094
2022-01-23,-0.37993553164009586,-0.6398973745885768
2022-01-24,1.5491462060723544,2.088866836152137
2022-01-25,0.19313198697696685,1.005421612362187
2022-01-26,-2.4766259296967434,-2.608291187137162
2022-01-27,-1.5265475860165703,-2.5875758098546857
2022-01-28,-0.17811818693858364,-0.24706731036481688
2022-01-29,3.2390862610456814,3.6808814711942066
2022-01-30,-2.152078160943168,-1.1597819897248023
2022-01-31,2.6537996580004823,3.061011113211222
2022-02-01,-0.49347896922639606,-1.0550491426070614
2022-02-02,-0.8229198610510194,-0.21530588751347676
2022-02-03,4.094721298124649,5.0533677538598605
2022-02-04,-1.0457246380254412,-1.699246664696029
2022-02-05,0.32017197623285204,-0.6951926419208314
2022-02-06,0.724633453405465,0.6710838903894153
2022-02-07,-1.0262232911376685,-2.0274126808043254
2022-02-08,1.1130139494289701,0.8414543215341821
2022-02-09,-2.5029557416328214,-4.352035371350835
2022-02-10,-0.05814609457992801,0.9930231707370575
2022-02-11,3.563430536045334,3.534857633249473
2022-02-12,-1.2687114962628119,-1.045543537597983
2022-02-13,-2.1967264016489034,-2.1346791332109962
2022-02-14,1.6674914511143784,2.5594255679120717
2022-02-15,-0.21897610721324634,-0.35949342028072856
2022-02-16,-1.910967113317786,-2.5547840020852797
2022-02-17,-0.4841675951335258,-0.28402735179510924
2022-02-18,1.9537302442322648,1.587122803818711
2022-02-19,3.13840529124646,3.17008206673196
2022-02-20,-0.04496686999420392,-0.49435640819433335
2022-02-21,-5.2585287605417355,-4.979001135430824
2022-02-22,1.5692835601952826,1.474534583174933
2022-02-23,0.15832882971276943,0.4585783940069697
2022-02-24,-3.6603624954135237,-4.029492202248432
2022-02-25,1.8261555291169682,1.1624812473814785
2022-02-26,0.7001140854397754,-0.02602897735596337
2022-02-27,1.1057395436146884,1.1018781952340626
2022-02-28,-3.7640028972887496,-3.146120105986218
2022-03-01,-1.6885124228194905,-2.148877918568313
2022-03-02,0.47896505795123656,1.1092673502119081
2022-03-03,-2.407590006965207,-2.3630927333290517
2022-03-04,0.9981715804422042,1.378378615380006
2022-03-05,0.41270726985542183,0.21199822547624103
2022-03-06,-1.9074410623720577,-1.8572452137452646
2022-03-07,-2.4262782958308438,-3.9632629519497
2022-03-08,0.9849917849876653,1.4501354969123454
2022-03-09,-5.376198674852572,-6.097529229812182
2022-03-10,1.3888039443170557,2.619199950861748
2022-03-11,0.05151721015265387,-0.36600039407642226
2022-03-12,-0.44820587588143795,0.3607872913833023
2022-03-13,-1.5538877403789888,-2.113064003050583
2022-03-14,-1.1406745883183047,-1.7732831074512971
2022-03-15,0.2874291747157677,1.2768363806795666
2022-03-16,0.7473717797116528,0.6374931092113265
2022-03-17,-0.6630300460841665,-1.6568260574602236
2022-03-18,1.9747874766401412,2.030698894074526
2022-03-19,-0.39715171761890344,1.5413671419062545
2022-03-20,0.6573127922897557,0.2403222550168528
2022-03-21,-0.9214391302756119,-0.16480512348323176
2022-03-22,0.24082625277472225,-0.7303156903593195
2022-03-23,1.9264627895645552,1.5346034334762664
2022-03-24,3.855188403893484,4.713596230749712
2022-03-25,-0.9214218097061765,-0.07346926683742573
2022-03-26,0.1480220071120897,0.7285185544428111
2022-03-27,1.042017248914373,0.5060994525434409
2022-03-28,-1.3583695666211848,-0.7172372726336815
2022-03-29,-0.6974258180187952,-0.9838073547050951
2022-03-30,-1.9715417844193182,-1.7292534155996622
2022-03-31,4.190765207445608,3.5838260624573928
2022-04-01,0.04932962217245452,0.93859544714665
2022-04-02,-0.17378578397919817,0.11101525270134062
2022-04-03,-2.2748170877409812,-1.976898713451044
2022-04-04,-0.39326477478942323,0.22327565687302833
2022-04-05,2.5126109578103195,4.039974914203302
2022-04-06,1.204360089455696,1.3760490606715297
2022-04-07,0.4101365147074217,0.1834304845981005
2022-04-08,0.7063051182513698,0.5272864278121036
2022-04-09,0.3453531119265371,1.1796747642905836
2022-04-10,-2.0309745243866857,-1.351650152500908
2022-04-11,2.6111278255410095,2.572000828240898
2022-04-12,-4.224688355317972,-4.5925137312047974
2022-04-13,2.6325598164292434,2.6080240181358563
2022-04-14,-2.180801598367136,-2.501802302687298
2022-04-15,1.8593998355547554,2.191567365118536
2022-04-16,-0.5302353572165737,-0.7470653345267612
2022-04-17,-0.8670581272838468,-1.4021336034947998
2022-04-18,3.513704412524619,3.385300219901018
2022-04-19,2.6085206874738667,3.4973216442209734
2022-04-20,2.2250794353241967,2.012938977505808
2022-04-21,0.9112555698099618,0.9224600340487819
2022-04-22,-2.0457062348646153,-1.9098623319942216
2022-04-23,-2.629201256594984,-2.0386510360158665
2022-04-24,-1.0361664120707088,-0.9448262215650646
2022-04-25,0.6390622957397011,0.5010139694186141
2022-04-26,1.3049180494520904,1.05385644731997
2022-04-27,1.9051745924648809,1.2029570606354478
2022-04-28,0.2733386176952566,1.2639291428923103
2022-04-29,-2.1592035647916172,-2.4720452452137014
2022-04-30,1.0889462146675353,1.1692917976565598
2022-05-01,0.7464151619750767,1.0026233889927245
2022-05-02,1.3339052620924186,1.9083694011900176
2022-05-03,0.8477107503539463,0.7138912274415734
2022-05-04,1.3788177424190018,2.3750610412519126
2022-05-05,-0.2679028705838722,-0.7713239356901643
2022-05-06,2.2197391860296074,2.1731852851108773
2022-05-07,-4.278523984290034,-3.856018689449136
2022-05-08,-1.06453742816359,-1.1188085546704003
2022-05-09,0.7128302960749725,0.8050048635281642
2022-05-10,1.5032314668337405,1.2585794588450099
2022-05-11,1.069667143221073,0.9236744010765492
2022-05-12,1.5290750624816782,1.8150929706746068
2022-05-13,-1.9113107352169305,-1.334913866226454
2022-05-14,-1.0886012787204504,-0.6730426719689757
2022-05-15,0.7464072539718858,1.6431449635648294
2022-05-16,-0.4484492901096645,-0.6082537831647772
2022-05-17,-0.0383768601733756,-0.19493011270133265
2022-05-18,1.5533286029755224,0.6900138225622106
2022-05-19,-2.0081366571849184,-2.498622428267732
2022-05-20,1.8030836174481146,2.6230992377920934
2022-05-21,-0.19952930918777254,-0.2824757872037351
2022-05-22,0.1341097513582518,0.7588599923130009
2022-05-23,-1.7432180000232713,-1.5988183374609901
2022-05-24,1.7999264889292863,2.048621986922021
2022-05-25,0.35041904030422494,0.870831574824701
2022-05-26,-5.011971268602013,-4.613594204470842
2022-05-27,-1.191699786907153,-2.1333227011554206
2022-05-28,1.0599895236692425,1.7394270023320901
2022-05-29,-0.28192133148682186,0.23538732055460027
2022-05-30,3.266353253549666,3.95638393823953
2022-05-31,3.262099029367792,3.6315392038121073
2022-06-01,0.15627120974869976,-0.722495876215025
2022-06-02,-0.5282925844992704,-0.9961110716387942
2022-06-03,4.57541006985442,4.553671448698475
2022-06-04,0.2552838911249258,0.565822746240906
2022-06-05,0.09808215822055338,1.0227166682110138
2022-06-06,-1.3750103858881315,-1.2865667166169341
2022-06-07,-1.60931602225685,-2.3632640428044187
2022-06-08,-1.3133171229460565,-1.3455950021166148
2022-06-09,-0.9166155082159533,-1.3174167516299589
2022-06-10,-2.9728492740936265,-3.069097059952951
2022-06-11,-3.136309083703648,-2.7861754377876125
2022-06-12,0.1763791474278408,-0.592328062860203
2022-06-13,-0.6802266808541437,-1.0802148393769857
2022-06-14,0.6891418800393839,1.4125998438731104
2022-06-15,-3.9830327770023675,-3.9439979061261643
2022-06-16,-0.33471974538804095,0.02582153740737809
2022-06-17,0.4723383949898526,0.07481645959299633
2022-06-18,-0.6940130164828171,-1.116151395249922
2022-06-19,2.2992639415024003,2.3118307474214177
2022-06-20,3.997193220294315,3.9743990192752308
2022-06-21,-1.501305364443195,-2.279687502393236
2022-06-22,-4.0441458198240685,-4.841419959122986
2022-06-23,0.5941953048564327,0.8628514533711149
2022-06-24,-3.708276004486582,-3.3447877209074313
2022-06-25,-1.113590362246795,-1.0693244086347118
2022-06-26,3.8559377368741887,4.381168120260331
2022-06-27,-0.6333217660953948,-1.0983739963947314
2022-06-28,-5.279771879357048,-5.776264862152395
2022-06-29,-0.5091817472523779,-1.0263524375872695
2022-06-30,-0.34332382378299375,-0.3162251847095321
2022-07-01,-0.5776868120594514,-0.9283915987945208
2022-07-02,0.4253736104877045,0.6610127693360742
2022-07-03,-2.702252438800191,-2.0872653733014803
2022-07-04,-0.23994112418321156,-0.23825074011031247
2022-07-05,1.7376502203984887,1.885879827609067
2022-07-06,2.295206304264852,2.4754208167258285
2022-07-07,-1.4644460622169528,-1.3112178696273549
2022-07-08,-2.7401103551660686,-2.7352742794287224
2022-07-09,-0.07878078133487869,-0.17985610240720906
2022-07-10,-0.3080382644485998,-1.204977567762094
2022-07-11,-1.2903681170995078,-1.2608665205067955
2022-07-12,0.3690590787305547,-0.1348622215181321
2022-07-13,2.8879322385128012,2.4949228165904738
2022-07-14,2.17182238054659,2.398283149549861
2022-07-15,-1.4730983931687573,-0.59793607814213
2022-07-16,-2.725269258241726,-2.279099231698821
2022-07-17,2.261696524824404,1.8975576769498206
2022-07-18,3.1877735929727113,2.9981484848803928
2022-07-19,0.6624866684772898,0.7758613606842499
2022-07-20,-0.3153519228920486,0.0940266547610752
2022-07-21,1.8308356253671012,0.92706886007342
2022-07-22,2.953223270095387,2.057126151618581
2022-07-23,2.325843575873253,2.7986925859889435
2022-07-24,-2.5008949153301705,-2.5667472327497656
2022-07-25,-2.5446936772858453,-2.53656337579065
2022-07-26,-0.7138786137483504,-0.28245517221218985
2022-07-27,3.059420056036333,3.6385691956176305
2022-07-28,-1.289941027090147,-1.3391846227577293
2022-07-29,-3.9425910658786383,-4.248997662919133
2022-07-30,2.2319078245980175,2.9885209562799506
2022-07-31,-2.9827767247605608,-3.234500430165356
2022-08-01,-0.0638435462415883,0.0813416194117534
2022-08-02,-1.9867190698113057,-1.7713285714664264
2022-08-03,-1.1407742914063144,-1.1478453616225928
2022-08-04,1.3100994050227768,1.3080428011325402
2022-08-05,-1.0320420426098151,-1.0810080881665824
2022-08-06,-0.2064614839044895,-0.384668376953398
2022-08-07,-0.5959188435176948,0.1727898320351567
2022-08-08,1.267504908207717,1.1191037923548703
2022-08-09,1.5474366459372708,1.3667425062233536
2022-08-10,2.574460002474377,2.7195809231033543
2022-08-11,-0.23363714560893786,-0.015394262762730806
2022-08-12,-3.4623893022716135,-3.9528768204362765
2022-08-13,-2.582645428832729,-2.4792028210344323
2022-08-14,3.8898782603384365,4.95194444636096
2022-08-15,1.447541769215497,1.6789677197672244
2022-08-16,-4.277322696004914,-4.662431141589959
2022-08-17,-1.85188081775039,-2.210146390474687
2022-08-18,-0.4165205049410743,-0.6628350400751732
2022-08-19,-4.873997791286859,-4.675911681382344
2022-08-20,-2.5942697868612705,-2.565023483740335
2022-08-21,5.359316972569776,5.027207355817173
2022-08-22,-6.561276748953745,-6.819358096418217
2022-08-23,3.061383169275195,4.015567634637393
2022-08-24,-3.758640206226776,-3.5633211539555374
2022-08-25,-1.4277449913938982,-1.5121794935359048
2022-08-26,8.22667250401735,7.6190948797466405
2022-08-27,0.7780097571079294,1.0191672786618386
2022-08-28,3.762568820637965,3.7920834943961967
2022-08-29,1.0478945523351728,0.849742074656564
2022-08-30,0.9225023683758248,0.7513995311527025
2022-08-31,2.093442407345788,1.9038013698621254
2022-09-01,1.2474135136759898,1.2253803579455238
2022-09-02,3.685416522862382,3.6309389518249655
2022-09-03,-5.708725391222677,-5.070789745749558
2022-09-04,-2.9440050192275384,-3.2187221096736813
2022-09-05,-2.026944466994898,-1.340913023284722
2022-09-06,-7.246907441430403,-5.654027027960538
2022-09-07,3.5409054470347234,3.5694824774327913
2022-09-08,-0.19847455238439082,-0.03602896640421309
2022-09-09,1.8866601099467082,2.130729430244431
2022-09-10,1.9713715784412567,1.9203567734977203
2022-09-11,-0.6906886277707286,-0.7358953424301115
2022-09-12,-0.6734174706249136,-0.07218444465260092
2022-09-13,2.011767460770593,0.46403166244467275
2022-09-14,2.180657874740071,2.1781530926863257
2022-09-15,-0.06143769469651239,-0.2768930536394131
2022-09-16,3.6542131053341866,3.9806179262040393
2022-09-17,-2.462379226087796,-2.1103732090714638
2022-09-18,-3.125113865720659,-3.7326874806524253
2022-09-19,-2.0017677567876873,-1.4482065079449002
2022-09-20,3.0499835722325677,3.216773701170736
2022-09-21,2.2942891403487535,2.4812006016546433
2022-09-22,-2.031808498021131,-1.7281706745043837
2022-09-23,2.5151611377125795,2.828602880736491
2022-09-24,3.696903068467005,3.935367820755403
2022-09-25,1.0874576465075272,1.6066695991043038
2022-09-26,-0.08305984555235257,-0.5324791392012352
