Date,Returns,Volatility
2020-01-01,0.0,0.01
2020-01-02,-0.0016369202756258182,0.011839066640919493
2020-01-03,0.0083120479482109,0.012833402876922107
2020-01-04,0.02343522560024335,0.015387239784986175
2020-01-05,-0.004890470756712619,0.020885758159543747
2020-01-06,-0.0051570466687287115,0.022025769600516543
2020-01-07,0.03660409900974077,0.023178699317976403
2020-01-08,0.023953164246457832,0.03121198889825749
2020-01-09,-0.017262902656462485,0.03677070181812718
2020-01-10,0.020327996424219907,0.037466814345312335
2020-01-11,-0.019632588599301053,0.04236477998962816
2020-01-12,-0.019996555217759875,0.042935962464213336
2020-01-13,0.010522095695442907,0.043486513940134315
2020-01-14,-0.08939657133386833,0.046724243133476485
2020-01-15,-0.07567319598216446,0.04387060911296637
2020-01-16,-0.02343950777286448,0.041685981911256824
2020-01-17,-0.04260661046316293,0.04206684570384722
2020-01-18,0.013038271944963122,0.041490477698836674
2020-01-19,-0.04099762290598609,0.04515036991993106
2020-01-20,-0.063044165172225,0.044639240917246484
2020-01-21,0.06310295311618364,0.043054621580732276
2020-01-22,-0.01255380119074669,0.05560282971992159
2020-01-23,0.003809210604997238,0.05640917928443675
2020-01-24,-0.08325156463418186,0.05843247630687564
2020-01-25,-0.030332895843458697,0.05571979873151821
2020-01-26,0.006170601069391044,0.05562979628884553
2020-01-27,-0.06679646266348196,0.058033740564456815
2020-01-28,0.02108327970985156,0.05611762287884434
2020-01-29,-0.03657485124567005,0.06089326555139876
2020-01-30,-0.017620991716874618,0.06040921935887419
2020-01-31,-0.03663272807270024,0.060881378612363056
2020-02-01,0.11186773643814929,0.060394673636890474
2020-02-02,-0.0011005955041640423,0.08154235596824738
2020-02-03,-0.08708859037228209,0.08233685403841857
2020-02-04,0.0648816148645853,0.0788791151825225
2020-02-05,-0.11022675899237805,0.09028736726033212
2020-02-06,0.01785310702513059,0.08547735197569548
2020-02-07,-0.1743113505052191,0.08894933304392866
2020-02-08,-0.10785533673738977,0.08120499144441602
2020-02-09,0.015117426381506299,0.07679229643542726
2020-02-10,0.05915883183127998,0.08011037118517625
2020-02-11,0.015507359747525252,0.09049142373281174
2020-02-12,-0.010804517791316198,0.09342566589138408
2020-02-13,-0.02810682579900397,0.09334600076560408
2020-02-14,-0.13662831895429953,0.0924087161668431
2020-02-15,-0.06211216533044107,0.08628556652411574
2020-02-16,-0.038653545155365204,0.08391292177778834
2020-02-17,0.08748985211618235,0.08276228608787607
2020-02-18,0.03365272496923711,0.09793636133716987
2020-02-19,-0.18235285691067468,0.10343091526077963
2020-02-20,0.030718316078987135,0.09478505257866202
2020-02-21,-0.03848534736890777,0.09994058237969519
2020-02-22,-0.0665102081919871,0.09825387291582408
2020-02-23,0.05826900405435342,0.09526117836735785
2020-02-24,0.10809966644546232,0.10484938555913527
2020-02-25,0.11401096701038921,0.12242392452078506
2020-02-26,-0.1174500198336286,0.13995182009857762
2020-02-27,-0.04103291139526035,0.13270138778340612
2020-02-28,0.042892258401904686,0.12948081295955333
2020-02-29,0.1316751675376398,0.13497598816986786
2020-03-01,-0.07413959826635538,0.15472367337555548
2020-03-02,-0.02762134012469718,0.14877460072783152
2020-03-03,-0.1608578215046287,0.145397031897278
2020-03-04,-0.16247823642424283,0.13582790226488956
2020-03-05,0.10291785868095557,0.12666410819744364
2020-03-06,0.19265254035179494,0.14204900039324758
2020-03-07,-0.012389242843479755,0.17204863110331547
2020-03-08,0.1687145506897504,0.16812059778423263
2020-03-09,0.06937476553356398,0.19183588118585818
2020-03-10,-0.12757656391586092,0.19775640569858247
2020-03-11,0.06748683176825439,0.1867394919573342
2020-03-12,0.296384602107261,0.19270322212707863
2020-03-13,-0.008488789510967312,0.23694468386289871
2020-03-14,0.35830924530705244,0.22900373767255136
2020-03-15,-0.7355204531451573,0.28076031213758906
2020-03-16,0.19466818617330442,0.23685070326106755
2020-03-17,0.022581429501728093,0.25941631302208357
2020-03-18,-0.07581398028237071,0.25355222928215304
2020-03-19,0.022132393690713563,0.2411966694958224
2020-03-20,-0.47025753478486015,0.23659936082230823
2020-03-21,-0.045564586027738135,0.20742110643416325
2020-03-22,0.07131375195049862,0.19969543958816613
2020-03-23,0.30354281404037076,0.20538875240779553
2020-03-24,-0.1293794978064187,0.2496371453435631
2020-03-25,-0.19001976004807636,0.2350293921536203
2020-03-26,-0.10969175508997389,0.21861527703993838
2020-03-27,0.18956978481782674,0.2070890826576872
2020-03-28,0.0760274964535625,0.23126156602867257
2020-03-29,-0.12473671597732869,0.2354588266357989
2020-03-30,0.11398243267457647,0.2220722089909087
2020-03-31,0.022602114117636986,0.23282534704913455
2020-04-01,0.22171606125848362,0.22889300355180592
2020-04-02,-0.18016821832368216,0.2566304740979566
2020-04-03,-0.07835680384020112,0.2391390175942125
2020-04-04,-0.08928009332505928,0.22769251955586847
2020-04-05,-0.3168815016129918,0.21652085072135893
2020-04-06,0.05790652351597729,0.19555068666692285
2020-04-07,0.052070456259236925,0.19946142372239065
2020-04-08,0.0010340577606373002,0.20222284707583874
2020-04-09,-0.046258734184394364,0.19719212012543905
2020-04-10,-0.2690479119324041,0.1900900618749832
2020-04-11,-0.07276828632149003,0.1729920253079363
2020-04-12,-0.056919722749977676,0.16608494827365058
2020-04-13,-0.12863496532317595,0.16033729267685654
2020-04-14,-0.024432463714257408,0.1514856056490126
2020-04-15,0.05984800844547848,0.14811998894720585
2020-04-16,0.29285632611669626,0.1552637658508341
2020-04-17,0.03542010230720722,0.20289005648916808
2020-04-18,0.05225943445503904,0.20290955221765825
2020-04-19,-0.015296378068568244,0.20546967434202557
2020-04-20,-0.38247572655806567,0.19933367954889641
2020-04-21,-0.004681278869212218,0.1765595858733841
2020-04-22,0.010404320398642544,0.17274255575117184
2020-04-23,0.42101110166765193,0.1709174666727637
2020-04-24,-0.046667790243551256,0.2426053035066241
2020-04-25,0.07008775540247388,0.23242703736030051
2020-04-26,-0.008179286510631002,0.23563438511161525
2020-04-27,-0.2662255162011736,0.22780056408302624
2020-04-28,0.23812961880599948,0.20836967531756398
2020-04-29,0.18099558340753102,0.2407070517447618
2020-04-30,0.20623709007835914,0.26071904029830034
2020-05-01,-0.25749295535042127,0.2831498873145781
2020-05-02,0.36487328647080236,0.26010462376862553
2020-05-03,-0.43409754720343474,0.3096602476006091
2020-05-04,0.16229346058033878,0.27654681573223583
2020-05-05,0.636534764624588,0.29059468592942284
2020-05-06,-0.38395596550527306,0.3876243160033683
2020-05-07,-0.19832141053816582,0.3502069674149636
2020-05-08,0.03233683249975359,0.32449964404716425
2020-05-09,-0.1585605958158955,0.3149320022121678
2020-05-10,-0.45586081805545675,0.29397792514010423
2020-05-11,0.017904367697249967,0.261137556354629
2020-05-12,-0.27031439465334656,0.2544605569580472
2020-05-13,0.11032964168687313,0.2329632708421863
2020-05-14,-0.22280407182117043,0.24232999688858856
2020-05-15,0.3470072891914792,0.2238851451184816
2020-05-16,-0.2147114098033056,0.2741276824549034
2020-05-17,-0.08171935224936838,0.25373833301207155
2020-05-18,0.19612969082662293,0.2410885555203926
2020-05-19,-0.3243807331643568,0.26353898543760584
2020-05-20,0.05434349159608393,0.23891456616596315
2020-05-21,0.3127613401508494,0.23927098943568986
2020-05-22,-0.4528903441039478,0.2817387667670245
2020-05-23,0.04615486325218742,0.24998049447204723
2020-05-24,0.0645289588809745,0.2483002349870491
2020-05-25,0.19506335921218293,0.24949814881821925
2020-05-26,-0.33529545440599356,0.2710661398690456
2020-05-27,-0.32402296050375723,0.24538705572984768
2020-05-28,0.11592191567993139,0.22209749772068826
2020-05-29,0.06924315372361728,0.23315396370387448
2020-05-30,0.059161432202996536,0.2361801229907655
2020-05-31,0.08226772999400855,0.2374603988095563
2020-06-01,-0.16467237951713268,0.24215646033410512
2020-06-02,0.052588131119188114,0.22642537777442925
2020-06-03,0.0666488306388574,0.2274141610390446
2020-06-04,-0.16462967169391807,0.23046034142238006
2020-06-05,0.40216011604032753,0.21554593743141012
2020-06-06,0.13131890369581342,0.2771417896483828
2020-06-07,-0.3410697786614913,0.2862996536670731
2020-06-08,0.1701801054817794,0.259202147766568
2020-06-09,-0.26895890316774845,0.2759453792795961
2020-06-10,0.19907013344670615,0.25292088360026593
2020-06-11,0.3184421720982422,0.27485187917863374
2020-06-12,-0.2583122614897555,0.31475304842507107
2020-06-13,0.27860286038038135,0.2891942740982374
2020-06-14,0.13248890099459082,0.32096662502764506
2020-06-15,0.26850648944473277,0.326626325555702
2020-06-16,0.6699168995675913,0.3531839824872504
2020-06-17,-0.10976374780825876,0.4473066976355724
2020-06-18,-0.31436300809922274,0.41707300639766504
2020-06-19,-0.33818072960974266,0.38018577141251475
2020-06-20,-0.2818571611469445,0.3454935128194484
2020-06-21,-0.024389935159811842,0.3163345578866011
2020-06-22,0.10289016256702353,0.30159626841475284
2020-06-23,0.08422230810837936,0.30439143011735775
2020-06-24,0.2515828781719412,0.3041440677928728
2020-06-25,0.004291492197055321,0.3300667500817692
2020-06-26,0.4592925005693231,0.315983304270075
2020-06-27,-0.09954269385311687,0.376119870532936
2020-06-28,0.9596693468178674,0.3527976710437616
2020-06-29,0.31632300191244267,0.5055769700023568
2020-06-30,-0.4471100828901338,0.5216194847064881
2020-07-01,-0.5020558394019146,0.4688200172388021
2020-07-02,0.20199642650756852,0.41866937906855106
2020-07-03,-0.09518998469976578,0.42597690063229465
2020-07-04,0.2844566687561791,0.3983984200429556
2020-07-05,0.19900160214587825,0.42051094801519073
2020-07-06,-0.031111299160288514,0.42718335377141703
2020-07-07,-0.3408359128408589,0.4025017020890627
2020-07-08,-0.5540097256495867,0.365719867074036
2020-07-09,-0.14405341578857125,0.3226172273105629
2020-07-10,0.2583923092498245,0.3017196088580976
2020-07-11,0.07043235263940235,0.3289790317113048
2020-07-12,-0.40440346280927925,0.32462942449893534
2020-07-13,0.050505768367956366,0.2916358607030259
2020-07-14,0.11074064473426688,0.28740111544462255
2020-07-15,-0.2585781036430925,0.2925563479495915
2020-07-16,0.04131166114982468,0.2687372429879044
2020-07-17,0.015421141011779476,0.2649283719600464
2020-07-18,-0.2944351586164514,0.25760525813776114
2020-07-19,0.08400046239047253,0.23477761290589866
2020-07-20,0.13455307622486914,0.2399372127762955
2020-07-21,0.27354827912182605,0.2525718712254467
2020-07-22,0.30238659315547656,0.2869481916186867
2020-07-23,-0.4448820156824079,0.3229236462897564
2020-07-24,-0.27033445444277654,0.28825681010526544
2020-07-25,0.13608811000650184,0.2642306627739485
2020-07-26,0.14138296629828156,0.27517873162405687
2020-07-27,0.1473354669492361,0.28606179751225497
2020-07-28,1.144147456396641,0.29697046346777933
2020-07-29,0.2899345609987707,0.5078636893906966
2020-07-30,0.5900368591979538,0.5195973163683564
2020-07-31,0.5514730800798248,0.578062956676866
2020-08-01,0.4059243871721205,0.6231652426378042
2020-08-02,-0.20178760064189016,0.6400484794261693
2020-08-03,0.4449405294069732,0.5862431800828478
2020-08-04,-0.4740649303589366,0.6134180425810749
2020-08-05,-0.1302686319212599,0.5500776890570732
2020-08-06,-0.24699673238554812,0.5088901576772628
2020-08-07,0.038187896300556676,0.46642195675935416
2020-08-08,1.0299302658534117,0.4449599092852675
2020-08-09,-1.1100435012317722,0.5944755493948031
2020-08-10,0.3467925249643867,0.5053367947441789
2020-08-11,-0.8485175501415719,0.5261419976698352
2020-08-12,-0.2148215797773088,0.45519617417222236
2020-08-13,0.4566572941501802,0.41935538253244137
2020-08-14,0.030036764395766215,0.4672799544623404
2020-08-15,-0.479133893485441,0.444570832814436
2020-08-16,-0.28449216290118035,0.39772219718461604
2020-08-17,0.24732919191826364,0.36393468387141076
2020-08-18,-0.28012682440586234,0.3835427472189783
2020-08-19,0.07602138383435221,0.35120520733857136
2020-08-20,0.015757797682918222,0.3457792732568495
2020-08-21,-0.21634979041143115,0.3320283532787663
2020-08-22,0.6581906841674999,0.30699992944994425
2020-08-23,0.2572239627613889,0.40576785631201673
2020-08-24,-0.856362624128867,0.4228653477394148
2020-08-25,0.06740784948305897,0.3615247497298016
2020-08-26,-0.23422661282129006,0.35393079987404197
2020-08-27,0.27810639164894474,0.32625001897119227
2020-08-28,-0.28087278214786293,0.3544043310504664
2020-08-29,-0.03723664115897088,0.3245406662687329
2020-08-30,0.1557997509690328,0.30852213006946305
2020-08-31,0.2760364193159561,0.31883888329489457
2020-09-01,-0.41694164221773156,0.34736556717723877
2020-09-02,-0.10433940360794791,0.3119253157484899
2020-09-03,-0.13951729058761433,0.2937544330031984
2020-09-04,-0.17990501471920764,0.2753665468335061
2020-09-05,0.4528389403111056,0.25649995903547423
2020-09-06,0.1306555032098102,0.3226207497118475
2020-09-07,-0.41339131996523015,0.3278583398130728
2020-09-08,0.2700323753645371,0.2941971570245543
2020-09-09,0.6877380746361749,0.3240751437638314
2020-09-10,0.43984623922774235,0.42601553392018754
2020-09-11,-0.7147110269209429,0.4703996017666279
2020-09-12,-0.19887964947635808,0.4107097385757279
2020-09-13,0.48104331351504326,0.379697750567497
2020-09-14,-0.3087324443717798,0.4362664483507517
2020-09-15,0.1765877759455998,0.39788203207593276
2020-09-16,0.31241539115726064,0.40330707096361806
2020-09-17,-0.3979970830839372,0.4293710211148352
2020-09-18,-0.023070277368578928,0.3875705899957496
2020-09-19,-1.1890455469767238,0.36684587299466165
2020-09-20,-0.3040498750250167,0.2968113463658975
2020-09-21,-0.0683400043849487,0.2705804512880454
2020-09-22,-0.3210840061167977,0.25732355649416244
2020-09-23,0.38085014224225433,0.23330525911269
2020-09-24,-0.4129410290683743,0.2887414037745164
2020-09-25,-0.11362910670335485,0.25822186196733393
2020-09-26,0.0318660090026527,0.2437346512010753
2020-09-27,0.34646817038286365,0.24039033610853944
2020-09-28,-0.41461313889339185,0.2887555316872321
2020-09-29,0.3002825134261067,0.25816013684211014
2020-09-30,0.003034952873657234,0.29658309159381013
2020-10-01,-0.27975684492267555,0.28502738577391123
2020-10-02,0.12052485091156387,0.2608178852230359
2020-10-03,0.053669801762381966,0.26961661730550185
2020-10-04,-0.1606023901093175,0.2675739323918214
2020-10-05,0.0174638637072223,0.2501911470082803
2020-10-06,-0.09411568923884814,0.2442573789385746
2020-10-07,0.026301981331859653,0.2317001095616309
2020-10-08,0.1512262990361428,0.2283934347937174
2020-10-09,0.3879157799321416,0.24458490980879405
2020-10-10,-0.3713877495822333,0.30003481935249593
2020-10-11,0.5769830474027065,0.2704988371293937
2020-10-12,-0.7003131155070588,0.35875082856332674
2020-10-13,-0.04703278631668207,0.30986432696607047
2020-10-14,0.1733004656188639,0.2945697724096859
2020-10-15,0.08677592930735605,0.3088200737153834
2020-10-16,-0.1921587865995268,0.3085899065007947
2020-10-17,-0.059643434774166705,0.28657884811344864
2020-10-18,-0.13435140905947965,0.27251755445951376
2020-10-19,-0.15087487363950128,0.2559957511232435
2020-10-20,0.20383584698903012,0.23991919005819723
2020-10-21,0.09415762595882918,0.26373541109655796
2020-10-22,-0.1858725230182408,0.2682493131709635
2020-10-23,0.22457404042267998,0.24963769621969353
2020-10-24,0.08482869084374813,0.2760456332693391
2020-10-25,0.2261188337858637,0.2781761242716505
2020-10-26,0.1903462540618845,0.3023150170191499
2020-10-27,-0.2641005655517099,0.31857919779029414
2020-10-28,-0.16382310699463595,0.2924467185412645
2020-10-29,0.20402876673589768,0.2730235684303016
2020-10-30,0.17946789037791408,0.2940311816311397
2020-10-31,-0.006464851583633392,0.309299453176746
2020-11-01,0.034727133093341585,0.2959848938414213
2020-11-02,0.3693502143334899,0.28908222770382236
2020-11-03,-0.1989663134984177,0.3363352542961368
2020-11-04,0.17056100860201748,0.3117562146564308
2020-11-05,-0.06552809208362936,0.32408740522880014
2020-11-06,-0.06677677978941896,0.30676410640617385
2020-11-07,0.31950260839197847,0.29078025061607626
2020-11-08,0.2717901531076299,0.3292764353902704
2020-11-09,0.28970195416309363,0.3561137340515365
2020-11-10,0.5003222822293397,0.3832481075046616
2020-11-11,0.009299151483183124,0.44273574547808064
2020-11-12,0.28600981725538877,0.4193981539698893
2020-11-13,-0.13640848778202294,0.43964905966629103
2020-11-14,0.1325476135287655,0.4088876359661399
2020-11-15,-0.05292218857515021,0.4066462773006129
2020-11-16,0.03713087718696149,0.38280847239108373
2020-11-17,0.21956949278647325,0.3689269947293053
2020-11-18,-0.31395233315641075,0.3837012918271916
2020-11-19,0.7319267127083272,0.34980460893337734
2020-11-20,-0.4591390809206775,0.4563927913812228
2020-11-21,-0.49701033952721607,0.4093353654388989
2020-11-22,0.4226101258807268,0.3649133563555148
2020-11-23,0.327073950134876,0.41314811551570846
2020-11-24,0.27495470859306403,0.4405479542241281
2020-11-25,0.28711056812868446,0.45693104175258265
2020-11-26,-0.005799235963726835,0.47353176516112644
2020-11-27,-0.39989339696598436,0.4456856491027963
2020-11-28,0.030495701416784978,0.40229376891624485
2020-11-29,-0.26118704122143127,0.38570851951773366
2020-11-30,0.3452405984613753,0.35404944298616786
2020-12-01,-0.05742103129217423,0.3904668416208618
2020-12-02,-0.30367043974388636,0.3678636837578672
2020-12-03,-0.10792453055504397,0.33580984775170086
2020-12-04,0.13028916007326494,0.3155224885975852
2020-12-05,-0.1811321604856986,0.32131323637536174
2020-12-06,-0.2456733381656545,0.29879256156910217
2020-12-07,0.06703365075846829,0.2750807083723105
2020-12-08,0.06727021046252779,0.2746097565805069
2020-12-09,-0.13900940447289886,0.2742110185646172
2020-12-10,-0.1212185357356052,0.2573432654834388
2020-12-11,0.05628656122979667,0.24256227720090953
2020-12-12,-0.3518036346612444,0.2429441604882477
2020-12-13,-0.3076366777234572,0.21857520124077565
2020-12-14,-0.14216957090174365,0.19788532873701029
2020-12-15,-0.03973800238153025,0.18617255870050864
2020-12-16,0.05598540418813201,0.18007089689325761
2020-12-17,0.2724808130458902,0.18468815186156995
2020-12-18,0.19327101670960237,0.22534699253771204
2020-12-19,-0.03976690161057791,0.24863865898774576
2020-12-20,-0.004532692290200515,0.23835942020593956
2020-12-21,-0.23109291502871346,0.23050987151104754
2020-12-22,-0.003934157324619816,0.21250626183683866
2020-12-23,-0.05959623817924638,0.20645922256889238
2020-12-24,0.06393757341382705,0.1981217731847966
2020-12-25,-0.16775070562477257,0.20278582049217336
2020-12-26,0.09844862233229952,0.18956249754779772
2020-12-27,0.3068331934464043,0.2001862096952505
2020-12-28,-0.026708839777967685,0.24557560978838133
2020-12-29,0.09486151642389151,0.23614326195969743
2020-12-30,0.16761653462144468,0.24287183056663822
2020-12-31,-0.10453541232879275,0.2605435655799173
2021-01-01,0.05519750729244569,0.2463157480630833
2021-01-02,0.0031009786890909396,0.2462579410253603
2021-01-03,0.023297144475687936,0.23851428160842106
2021-01-04,-0.18110117379326457,0.23428057131438063
2021-01-05,0.005351394414593461,0.21833359314615913
2021-01-06,0.10600826338453151,0.21286872916654834
2021-01-07,0.32366735973144956,0.22304295590927073
2021-01-08,0.25815895247861026,0.26911998724297637
2021-01-09,0.6445836495143501,0.29936322733155585
2021-01-10,-0.30434723040871425,0.39662239789131426
2021-01-11,0.3158020794993037,0.3620252304089709
2021-01-12,0.07201737738791224,0.39280347729307913
2021-01-13,0.8389120642527025,0.3830993426518131
2021-01-14,-0.40847261003956975,0.5053488513341264
2021-01-15,-0.3828164045239256,0.45588477671337335
2021-01-16,-0.2471367897802847,0.4123120156024087
2021-01-17,-0.8048110471831849,0.378931525673051
2021-01-18,-0.17023206270593647,0.32378589967953086
2021-01-19,-0.22893284195754032,0.30157158761814984
2021-01-20,0.04187162113336452,0.27841323843514393
2021-01-21,0.09362139658819306,0.2739422372214451
2021-01-22,0.5207722842659497,0.27757188918019726
2021-01-23,0.33630924944954993,0.3538518668591262
2021-01-24,-0.22430860248692683,0.38881466651372626
2021-01-25,-0.32215279054120427,0.3585791737547108
2021-01-26,0.16060017507480942,0.32647675548600863
2021-01-27,-0.443561585639088,0.33597214740573694
2021-01-28,0.5499702815992665,0.30029083474489904
2021-01-29,0.44707932777988724,0.37906064065929496
2021-01-30,-0.20169210291787146,0.4298861247660403
2021-01-31,-0.6801147164243291,0.3970001800064417
2021-02-01,0.46792472224710213,0.3456195215856677
2021-02-02,-0.046255912644108096,0.40384123570352815
2021-02-03,0.47107566387826677,0.38056992731597356
2021-02-04,-0.6940933124764499,0.4353244304613302
2021-02-05,-0.22766487759525203,0.3798371117857055
2021-02-06,0.0018365192398563184,0.35023348752941835
2021-02-07,0.015696502465485766,0.33410608950765663
2021-02-08,-0.14461876749270836,0.321328288120805
2021-02-09,0.1871719688963168,0.3005089334936145
2021-02-10,-0.3378270675697152,0.3164299392107744
2021-02-11,-0.040878055844444885,0.2871063611329356
2021-02-12,0.03294872859241101,0.27389796390380433
2021-02-13,0.1381067766318042,0.2684610248845101
2021-02-14,0.1988122491297,0.2793818050342475
2021-02-15,-0.33626488900113677,0.2989972467166145
2021-02-16,-0.4159453976342748,0.2711306665232256
2021-02-17,0.30897196812929634,0.24182325517198686
2021-02-18,0.09416714984371337,0.28336797862588003
2021-02-19,-0.21431298644419994,0.2863284454389208
2021-02-20,0.4111028807171684,0.2650306915147265
2021-02-21,0.03729154720990608,0.3223831001314722
2021-02-22,0.3699607057304174,0.3137128713014838
2021-02-23,0.024203461496540866,0.358471650888124
2021-02-24,0.7106558949235913,0.3448533837365327
2021-02-25,0.7864945555345361,0.4480580275451454
2021-02-26,-0.1370021438705443,0.5502886448008393
2021-02-27,0.49430464953011694,0.5087684528284537
2021-02-28,0.3567169635279442,0.5527273889850474
2021-03-01,0.7800079165712177,0.56991811439565
2021-03-02,-0.6312343602182038,0.6541807573408056
2021-03-03,0.3975876938453757,0.579530424505299
2021-03-04,0.6351331154734209,0.6000740944343622
2021-03-05,-1.1539521947184563,0.6561245730971441
2021-03-06,-0.6609298684517741,0.5585676007204533
2021-03-07,-1.0044415917486074,0.4925587202394429
2021-03-08,-0.11267987832252148,0.4182517438907449
2021-03-09,0.280244481493368,0.3905616418122939
2021-03-10,0.6201522065299969,0.41278616535582235
2021-03-11,0.036283818247042104,0.4896946592118964
2021-03-12,0.7584609132762545,0.4657089976444986
2021-03-13,-0.7733129853025688,0.5603305327296876
2021-03-14,-0.8333157545848358,0.48921236671918616
2021-03-15,-0.02347224100334881,0.4225600964503244
2021-03-16,0.1531127697259887,0.39866322302317975
2021-03-17,-0.01309299435797217,0.4004616986279106
2021-03-18,-0.7836847158729877,0.3790600548658035
2021-03-19,-0.028946800546244877,0.32480686391629254
2021-03-20,-0.40329081920015813,0.3091607883849161
2021-03-21,0.18581157480648738,0.27746631563607066
2021-03-22,0.10820739359059907,0.29516615189155254
2021-03-23,-0.2813049490423176,0.29929886048676074
2021-03-24,-0.14075431649301173,0.27391200278570826
2021-03-25,-0.27220186198878205,0.25698488205036324
2021-03-26,-0.014743239096951435,0.23521779569824608
2021-03-27,0.21690912900546283,0.22709613462801392
2021-03-28,-0.250552634444094,0.2541807993970824
2021-03-29,0.11775037856511897,0.23361014299274593
2021-03-30,-0.12942973743924432,0.24408840713408828
2021-03-31,-0.1822610379205846,0.2298742377141741
2021-04-01,-0.022923456022243344,0.21417713658046203
2021-04-02,-0.21439739297546023,0.2070987519853428
2021-04-03,-0.10598504126683253,0.19142991825912525
2021-04-04,-0.2178106254500218,0.1818304075879474
2021-04-05,0.32925281546298,0.16758212634774275
2021-04-06,0.007789946395769834,0.22090645894137853
2021-04-07,-0.15087748334077997,0.21562381479221235
2021-04-08,0.04329990512023539,0.20235500132541365
2021-04-09,-0.022869495302088646,0.20359558778982034
2021-04-10,-0.04357831324468422,0.1972140662640436
2021-04-11,0.11683898526798797,0.19023985712629285
2021-04-12,0.15434242599276507,0.20375030372050817
2021-04-13,-0.11795797477070327,0.2223519690805707
2021-04-14,-0.12102762350829602,0.21018372633141105
2021-04-15,-0.05464685231741397,0.1986784771129246
2021-04-16,-0.4398473670796569,0.19107838001488678
2021-04-17,-0.25200220351397173,0.1663171132677584
2021-04-18,0.20695956622754633,0.15141082918655932
2021-04-19,0.3013778734820892,0.18321202963954347
2021-04-20,-0.05712385663209815,0.22937987904825358
2021-04-21,0.12662720239425684,0.2196265252320074
2021-04-22,0.0723845257957873,0.2325606099760587
2021-04-23,0.7269476795448361,0.23610776927398058
2021-04-24,0.4062277612212205,0.36284107215362404
2021-04-25,-0.05225781790806979,0.40852721899416927
2021-04-26,-0.36745398990076744,0.3845509559698731
2021-04-27,-0.559283611301147,0.3481495797578056
2021-04-28,0.062324375496992435,0.30631702432401364
2021-04-29,-0.2289082426247952,0.3026482674235368
2021-04-30,-0.3973866056089568,0.27940627113665195
2021-05-01,-0.16183772943686717,0.2503008297764658
2021-05-02,-0.2532146792458563,0.23412246002918524
2021-05-03,0.36248564706108083,0.21485193627237475
2021-05-04,0.23714378397799035,0.26898036540290365
2021-05-05,-0.0023579093631779756,0.29575008702114647
2021-05-06,0.4198745177338515,0.2837097068060703
2021-05-07,0.02634459297688597,0.34050884370994716
2021-05-08,-0.2831322030472044,0.3287326095272162
2021-05-09,0.45831201545648603,0.3009026134483103
2021-05-10,0.1954282257200338,0.3626360800103921
2021-05-11,-0.3881863731378464,0.37424710761151786
2021-05-12,-0.06429764729037316,0.33780652433726455
2021-05-13,-0.2796806364311521,0.31940932632460445
2021-05-14,-0.4044628143785966,0.29249558364936373
2021-05-15,0.2427175095738726,0.2620636941812504
2021-05-16,0.5544543435369461,0.29037892086267253
2021-05-17,-0.5193698534665195,0.37135842642786954
2021-05-18,0.1853856606414497,0.32929980638239503
2021-05-19,-0.22277368473095305,0.3423902697169522
2021-05-20,-0.15403245147789996,0.31620699025675225
2021-05-21,-0.17497050405321654,0.29536174645617014
2021-05-22,-0.23776336708643292,0.2751920222186459
2021-05-23,0.012307897790935557,0.2536579729956841
2021-05-24,-0.20500944222498435,0.2467169065580519
2021-05-25,0.06187632067246609,0.22878446677783443
2021-05-26,-0.011605420478727917,0.23100830437255412
2021-05-27,-0.05336475252737968,0.2233320306535699
2021-05-28,-0.1943751828529171,0.21417250489697107
2021-05-29,-0.11475953256087977,0.19896885729011402
2021-05-30,0.14237726300785747,0.1884814889823717
2021-05-31,0.10332196531059609,0.20626556217925868
2021-06-01,-0.21163243766004378,0.21649153721604325
2021-06-02,0.019899670841306227,0.2003343298569136
2021-06-03,0.14892899689617728,0.1982054153761252
2021-06-04,-0.3611607976717963,0.21634099385932073
2021-06-05,0.1050823661799417,0.19339356775415875
2021-06-06,-0.13570865023785705,0.20480498685068718
2021-06-07,0.11010027424944163,0.19295571530319125
2021-06-08,-0.15661810855670924,0.20519650136419285
2021-06-09,-0.34715023408028506,0.1923395627628374
2021-06-10,-0.2792576743954991,0.1715824226117945
2021-06-11,0.007459690688182042,0.15513567563490868
2021-06-12,0.03996544734367347,0.15387749262684658
2021-06-13,-0.1425238194176328,0.15760389166922328
2021-06-14,0.09466958909455085,0.14824727068622426
2021-06-15,-0.2674316709126202,0.16095602875081594
2021-06-16,-0.009624709990731216,0.14565283472034407
2021-06-17,-0.17356440532996964,0.1433212911305519
2021-06-18,-0.08686788499149146,0.13326645141581664
2021-06-19,0.006057635807806063,0.12780180624405652
2021-06-20,-0.10990813539593096,0.12773875886930142
2021-06-21,-0.04669868545001276,0.12143547570881935
2021-06-22,0.11920790068623546,0.11846243915753979
2021-06-23,-0.07911255432960722,0.13713584557015965
2021-06-24,0.11019036893159703,0.13185522196601485
2021-06-25,-0.16736286759410138,0.14814716481898685
2021-06-26,0.0731828215527933,0.13813183172839277
2021-06-27,0.2132997899432989,0.14796367435214672
2021-06-28,-0.447923797424191,0.18122500926048343
2021-06-29,-0.12490476337306851,0.15673924837126346
2021-06-30,0.08555705356990793,0.14826058917092866
2021-07-01,-0.03238397359950551,0.15949130502600317
2021-07-02,0.057639808015073034,0.15530230066011785
2021-07-03,-0.09765500007323522,0.16168442905733482
2021-07-04,0.013354640585903372,0.15422881815113573
2021-07-05,-0.023958756449642148,0.15390019221051196
2021-07-06,0.17566706290288567,0.15042795113088503
2021-07-07,0.04495952509354505,0.17671321464930728
2021-07-08,0.06071801942830477,0.1798505351085757
2021-07-09,-0.07628427951774872,0.18521132714924965
2021-07-10,-0.08650589836803717,0.17740933994963964
2021-07-11,-0.07335558015655032,0.169585462076931
2021-07-12,0.06423532778302923,0.1628469486709613
2021-07-13,-0.0714875178225328,0.169810339999336
2021-07-14,0.047276371561479284,0.1631486322444441
2021-07-15,0.34755109030382303,0.16746215503562528
2021-07-16,0.19552398424769074,0.22445005115507255
2021-07-17,-0.08091555163371458,0.24818929816409144
2021-07-18,0.2834601468130835,0.23597807316655137
2021-07-19,-0.11166284541238007,0.273632894299855
2021-07-20,-0.5260299571868217,0.25809510072009334
2021-07-21,-0.22672969742500906,0.2249109971731238
2021-07-22,-0.3881725904891584,0.20749105559334602
2021-07-23,-0.06465425272957293,0.18393107424002825
2021-07-24,0.0032557176002920947,0.17676460924091433
2021-07-25,0.2911026144946318,0.17364360263465117
2021-07-26,0.07156378064391261,0.218898099048558
2021-07-27,-0.0489251969056721,0.22330022283219933
2021-07-28,0.1777879281576938,0.21435583771211905
2021-07-29,-0.5217898123582025,0.23598275973093866
2021-07-30,0.04820725751353582,0.20460220242979635
2021-07-31,0.15913315643982298,0.20643448128384032
2021-08-01,-0.333591073169048,0.22561488998100623
2021-08-02,0.23249736272508453,0.2032756641219767
2021-08-03,0.07957641689024224,0.23508792155070482
2021-08-04,-0.09948117285031809,0.23954747903903817
2021-08-05,0.1436850342462375,0.22706882409633325
2021-08-06,0.549858683754867,0.242154583727604
2021-08-07,0.05989119105566813,0.32931447912865874
2021-08-08,0.08026960936604313,0.32338014571007584
2021-08-09,-0.14743765043235502,0.3209625603309281
2021-08-10,-0.2549882331806093,0.30004109263110584
2021-08-11,0.2290090141676665,0.2758028855370512
2021-08-12,-0.25736063390928626,0.30062550666233834
2021-08-13,0.019768912766293965,0.27623239022181173
2021-08-14,-0.12833990877736978,0.26868608381704906
2021-08-15,0.12105418865157544,0.25273337653196
2021-08-16,0.08750344639944932,0.26225167621056833
2021-08-17,0.2758480650337683,0.2658674170188876
2021-08-18,-0.15269041158737356,0.2993833373402173
2021-08-19,-0.0755484639933475,0.2799387942834391
2021-08-20,-0.25999057128834474,0.26563159943106307
2021-08-21,-0.10831388206066198,0.24378916313541824
2021-08-22,0.08700273809100459,0.23059269652388711
2021-08-23,0.17904386151916124,0.23652120729715417
2021-08-24,-0.2365902814533198,0.25655950755284346
2021-08-25,0.2056259603867999,0.236458786253221
2021-08-26,0.35363734169945005,0.26086416767026227
2021-08-27,0.1274783191322905,0.3083395188415301
2021-08-28,0.5898985870192548,0.31431154261540317
2021-08-29,-0.3085391813202714,0.39873803056143836
2021-08-30,-0.4527577067350754,0.3637616967424851
2021-08-31,-0.5786607647842088,0.325324212810122
2021-09-01,0.4256995612616582,0.28455010188696284
2021-09-02,0.2239911681191518,0.34230275679070304
2021-09-03,-0.020025186135064914,0.3602645442900036
2021-09-04,0.09576756724800484,0.3420653539179258
2021-09-05,-0.3830749517934558,0.3403631094527208
2021-09-06,0.750925661290639,0.3070326294525931
2021-09-07,0.05486770323514606,0.42460301319380084
2021-09-08,0.04479585661807959,0.409488008820449
2021-09-09,0.286176784462659,0.39430965139367685
2021-09-10,0.2006301608864348,0.4171025162283213
2021-09-11,0.09500590147160394,0.42435319705149505
2021-09-12,-0.3281333645712804,0.41510938438412565
2021-09-13,0.17810786501065506,0.37777268042461565
2021-09-14,0.7251693606979598,0.3853134547696785
2021-09-15,0.6528326438367203,0.4852258933575613
2021-09-16,0.8899765629653389,0.5586141310027308
2021-09-17,-0.3392953133608165,0.663702873373229
2021-09-18,-0.5948604254708678,0.6011090622168074
2021-09-19,-0.06712759147322891,0.5336611423512919
2021-09-20,0.02769825162990385,0.4970533015181297
2021-09-21,0.5155013114121632,0.4711253036694509
2021-09-22,-0.8850548942902683,0.5229384879017532
2021-09-23,0.6894207997679362,0.4507343047145099
2021-09-24,-0.0845363140650175,0.5350132165877589
2021-09-25,-0.2123563057509326,0.4974601140713244
2021-09-26,-0.46323681287276885,0.45769668049670376
2021-09-27,-0.6790424157594672,0.410333068297619
2021-09-28,0.29452731364220275,0.35779620819860297
2021-09-29,0.02826733844681402,0.38554449244584127
2021-09-30,-0.4774674179972304,0.3701410004699189
2021-10-01,-0.4274417894439538,0.33005080359927114
2021-10-02,-0.09925116657335047,0.295579777110673
2021-10-03,0.46556210925149255,0.2789431425522019
2021-10-04,-0.08946882620484228,0.34465256925884624
2021-10-05,-0.48776319068680174,0.32449554426941907
2021-10-06,-0.0707230131683771,0.28779250975581133
2021-10-07,-0.07448385910618517,0.2731111915816414
2021-10-08,-0.6994971111690323,0.25937208484449714
2021-10-09,-0.011871958144936487,0.21865710160723428
2021-10-10,-0.048915033293777575,0.21181342283276902
2021-10-11,0.14177448609914456,0.20363859519891028
2021-10-12,0.40714162667514797,0.22020080833081274
2021-10-13,0.3178853880972359,0.28217224905769195
2021-10-14,-0.08638032687162751,0.3212493864780573
2021-10-15,-0.33546776161263303,0.30317208025804243
2021-10-16,0.707707301705333,0.2750129619696318
2021-10-17,0.023058698076860215,0.389383786663773
2021-10-18,0.005194083872537927,0.37288929724492503
2021-10-19,-0.00857141369746919,0.3552904766057869
2021-10-20,0.06696484260719052,0.3380615568184462
2021-10-21,-0.04798964848801818,0.3324294233331915
2021-10-22,-0.18084739282697226,0.3152507759934812
2021-10-23,-0.16035693827828446,0.2932327263673533
2021-10-24,-0.008971460528514774,0.2739103750358537
2021-10-25,-0.14305129014878953,0.2632402822755704
2021-10-26,-0.17607307636504674,0.24700023573652424
2021-10-27,0.024520800707037858,0.23039319974042274
2021-10-28,-0.05785820945153079,0.2269152124130068
2021-10-29,0.32681166686262925,0.21729600426568835
2021-10-30,-0.7013103746719631,0.2645486087588035
2021-10-31,0.24379572383202638,0.22335702556757298
2021-11-01,0.3181647862566991,0.2553314879049126
2021-11-02,-0.616078241175432,0.2971356918470118
2021-11-03,-0.08807879162126254,0.25702357815909443
2021-11-04,-0.09056946371192147,0.24383279278954634
2021-11-05,-0.3258022935884101,0.2314739513789455
2021-11-06,-0.16262788031409267,0.2090825292239468
2021-11-07,-0.21733146963150482,0.1956925954393917
2021-11-08,0.3164871910151489,0.1806154935746046
2021-11-09,0.21513994012639842,0.2299293664382958
2021-11-10,0.32612138238901284,0.25647444115703927
2021-11-11,0.2161802723037432,0.2995547189294997
2021-11-12,-0.36149570135269005,0.3201763732791119
2021-11-13,-0.15183726342413706,0.2894783541941326
2021-11-14,0.13254472883608595,0.2708451548922165
2021-11-15,-0.3430585028925867,0.2807059134049361
2021-11-16,0.1810636777509957,0.2539468112254024
2021-11-17,-0.06557825394216135,0.2728727568736227
2021-11-18,-0.09729405330115252,0.25957484574353107
2021-11-19,0.17472600636125435,0.24576068157925335
2021-11-20,0.11743747030108356,0.26434204055306926
2021-11-21,-0.09832108977181052,0.27238311809281895
2021-11-22,0.2986077893538057,0.25756932021179707
2021-11-23,-0.31973671964087425,0.29576132265140453
2021-11-24,0.16562407914402127,0.2688983674213994
2021-11-25,0.16850683913099038,0.2841114175144321
2021-11-26,-0.09239989454051296,0.29850091231961023
2021-11-27,0.09195605442234696,0.2819587350896337
2021-11-28,-0.35618856009839794,0.2846972223956614
2021-11-29,0.23751137725641808,0.2570394288473034
2021-11-30,-0.05268610523411633,0.284940489318581
2021-12-01,-0.141833872210879,0.2713365714600528
2021-12-02,0.26702747808783955,0.25455207781877004
2021-12-03,-0.20259395355967588,0.2876350796917898
2021-12-04,-0.3757490560817537,0.2667798235222243
2021-12-05,-0.3729641696861021,0.23959731452403926
2021-12-06,0.12999902162323873,0.21451631501195167
2021-12-07,-0.29241186161088073,0.22837016430528098
2021-12-08,0.36448128900833965,0.20770600492655794
2021-12-09,-0.5476349254139371,0.26304202406680405
2021-12-10,0.38771958274365415,0.2285467460235717
2021-12-11,0.06031261035923935,0.28581809439181327
2021-12-12,-0.027418107770172284,0.28349938534617686
2021-12-13,-0.14778875520834298,0.2712122933219224
2021-12-14,0.1014436078356844,0.2541579280550965
2021-12-15,-0.00980502772379381,0.26053155975852826
2021-12-16,0.276733980893918,0.25082344678695473
2021-12-17,0.03265861507780125,0.2859081444845885
2021-12-18,0.042008989471812905,0.27949765234433416
2021-12-19,-0.0999797888834731,0.2749626814642593
2021-12-20,-0.014798811974283425,0.2598761942931972
2021-12-21,0.07694312552345424,0.24997622918287024
2021-12-22,-0.43254626261141477,0.25292612380672336
2021-12-23,-0.3023062775460891,0.22423197327999653
2021-12-24,0.15118083816196648,0.20340123971782528
2021-12-25,0.03784882776494488,0.22151248479288224
2021-12-26,-0.0405929945872475,0.22063408236838616
2021-12-27,0.003912983245596401,0.21227066582673113
2021-12-28,0.07195013094802723,0.20700206552344455
2021-12-29,-0.11458782788292272,0.2122941599069554
2021-12-30,-0.15640437342140381,0.20095518929370113
2021-12-31,0.03689326326560372,0.1883796635624514
2022-01-01,-0.18546186658076116,0.1895615565192435
2022-01-02,0.07199191370861484,0.17634152544206047
2022-01-03,-0.3127257027394455,0.183677149222541
2022-01-04,0.16980961680133938,0.16499896676716985
2022-01-05,0.08938739983155558,0.1891406601980845
2022-01-06,0.05078673747236557,0.19836265349595825
2022-01-07,0.197522585741608,0.20100172787640005
2022-01-08,0.37808182083319997,0.22701148137712868
2022-01-09,0.2867198237784983,0.2826580097997801
2022-01-10,-0.5824715188047194,0.3164102733859081
2022-01-11,-0.35342097739224115,0.27620142170411605
2022-01-12,-0.15577744601099,0.24931628407320217
2022-01-13,0.006092055481455492,0.23349215275841553
2022-01-14,0.11755586369110949,0.22709130729447297
2022-01-15,-0.17274987168031497,0.2380314768784468
2022-01-16,0.0415019704559455,0.2222128255642561
2022-01-17,-0.1675682460090591,0.22183218448822561
2022-01-18,-0.12680873775144758,0.20736720522446872
2022-01-19,-0.2753851012737274,0.19577217418663087
2022-01-20,-0.16436393720705336,0.17803078246957865
2022-01-21,-0.22504135900031122,0.16648954797979526
2022-01-22,-0.14911896636309657,0.1528056701094566
2022-01-23,0.1510899214915284,0.14339780557107432
2022-01-24,-0.15751705364950397,0.16591240573632765
2022-01-25,0.40904974595779975,0.15539148037124612
2022-01-26,0.11203166085221683,0.227098308519047
2022-01-27,0.04383776606452723,0.2371709879444036
2022-01-28,-0.2026412600079987,0.23608018088356789
2022-01-29,0.1533726182598762,0.21900678937916898
2022-01-30,-0.13600946744984166,0.23627611190662332
2022-01-31,0.027122980178328662,0.2223016259566117
2022-02-01,0.5626352028417052,0.21977211862783871
2022-02-02,-0.03010023186627641,0.31334856638989816
2022-02-03,0.3431495623915192,0.29857959333358985
2022-02-04,-0.23930397451855154,0.3403185402236853
2022-02-05,-0.010970477782400099,0.3135453295235113
2022-02-06,0.530661596401076,0.2996732583680323
2022-02-07,-0.23504096825931417,0.37488567435847187
2022-02-08,0.6259701100559054,0.3453726216360653
2022-02-09,0.30596190095116965,0.43230104450970824
2022-02-10,-0.2555742262722156,0.45438101808925047
2022-02-11,0.26355191183603105,0.4167436537535684
2022-02-12,0.4218375849130629,0.4337418692341244
2022-02-13,0.2949276267019518,0.47430508454757503
2022-02-14,-0.7699171741898615,0.4903229228511784
2022-02-15,-0.3099857248823007,0.4263098287206277
2022-02-16,-0.09623079722236669,0.38878202850444593
2022-02-17,-0.02713129947864253,0.3645042262150147
2022-02-18,0.2145061849016203,0.34560307406779445
2022-02-19,0.06428608376320367,0.36176545672553717
2022-02-20,-0.47230104383139554,0.35369231970068216
2022-02-21,0.11985414563854338,0.31524151260040534
2022-02-22,0.19506144393758854,0.3194660953752149
2022-02-23,0.18750325099750811,0.33495257321826705
2022-02-24,0.37596558714923856,0.34786481499871785
2022-02-25,0.32527118672700606,0.3900498205410503
2022-02-26,0.19263842511595802,0.41952696519337174
2022-02-27,-0.029843294001834483,0.42532589467753024
2022-02-28,-0.6658373800864125,0.40087479882921756
2022-03-01,0.15026686287332075,0.3497683668460681
2022-03-02,0.07385614137359728,0.3556115549382235
2022-03-03,0.09491215392369792,0.3494828790927411
2022-03-04,-0.4430425745210802,0.3470084736428438
2022-03-05,-0.335590822210107,0.3104285573105831
2022-03-06,0.296660139719163,0.281687638010309
2022-03-07,-0.012547186649187648,0.31720737820051786
2022-03-08,0.20646971452934318,0.30296332098461765
2022-03-09,0.009110831782239003,0.32172860972909995
2022-03-10,0.009195405614315953,0.3090254908783042
2022-03-11,0.27901440486458445,0.2973667488317729
2022-03-12,-0.1694849770718962,0.32843078865928055
2022-03-13,0.029400657652832493,0.3058720350427882
2022-03-14,-0.1374801513022777,0.2973988760839815
2022-03-15,-0.12114709718895729,0.27882197713173285
2022-03-16,-0.08114069406736864,0.26244505215101993
2022-03-17,0.055352506288931666,0.24918546100322422
2022-03-18,-0.11917892986953364,0.24893842922289824
2022-03-19,0.2949287505576978,0.23486148667839454
2022-03-20,-0.2456837307917275,0.2746274596487093
2022-03-21,-0.04723575811349897,0.2527711377800693
2022-03-22,-0.1063425552585906,0.24183544295451012
2022-03-23,0.33117064976751354,0.2288705676489486
2022-03-24,0.05418905287869671,0.27569440865511424
2022-03-25,0.2819609344579171,0.2732591235140106
2022-03-26,-0.45622605232615143,0.3071070423031519
2022-03-27,0.07296122183800229,0.2732115678691078
2022-03-28,0.24355953132447394,0.27377596697716816
2022-03-29,0.024781554321626594,0.3011710363078874
2022-03-30,0.31154865830627326,0.29240206164019156
2022-03-31,-0.17038967116704398,0.32939005526603654
2022-04-01,0.4322617343194799,0.3067105541147189
2022-04-02,0.834736689901466,0.36310294976765023
2022-04-03,-0.17703586994185636,0.48791911677562133
2022-04-04,-0.2007911563189604,0.4507071153887583
2022-04-05,0.6045115787368194,0.4159336970047077
2022-04-06,0.773466610229354,0.4896684284537996
2022-04-07,-0.3051763071260908,0.5836673130046584
2022-04-08,-0.22313456561602962,0.5310365688248756
2022-04-09,-0.13736367836695967,0.487477577013297
2022-04-10,-0.6078855730548318,0.4521442537793298
2022-04-11,-0.36642238375539693,0.39886965368956495
2022-04-12,-0.36274673714894634,0.361250881509636
2022-04-13,-0.2511297027031929,0.32707801394125907
2022-04-14,-0.010435001293342017,0.3008515258238641
2022-04-15,0.06745879811232279,0.2880211564052831
2022-04-16,0.44436155765240465,0.28659233564377123
2022-04-17,-0.3469157945460473,0.3474877452184463
2022-04-18,0.3102556729746436,0.3151972092221209
2022-04-19,-0.07483633369122521,0.34972072475124005
2022-04-20,-0.016314430692491895,0.32982626671409476
2022-04-21,0.2121420641211959,0.31436860758138996
2022-04-22,-0.37388137901300106,0.33301331214002095
2022-04-23,0.11499313578423738,0.30070660314418907
2022-04-24,0.05083677670572129,0.3054136514707636
2022-04-25,0.14779474353345362,0.3001205486417594
2022-04-26,0.08961792075693423,0.30991576246248487
2022-04-27,0.7611944129178011,0.31002092190058106
2022-04-28,-0.2737076513771992,0.42918377102938315
2022-04-29,-0.20870875882028828,0.39305076395320165
2022-04-30,-0.22630058478711398,0.3631613980966726
2022-05-01,-0.18611868477151536,0.3350609383387046
2022-05-02,-0.19834421447466752,0.3111832761870077
2022-05-03,0.34324343442671335,0.28867843755459566
2022-05-04,0.47082253310937344,0.331447465768322
2022-05-05,-0.22363420036753623,0.39182768739221696
2022-05-06,-0.3007779827816741,0.36135756460419627
2022-05-07,0.15556383308779742,0.32999299870428284
2022-05-08,-0.1868738235323756,0.3384027984121832
2022-05-09,0.19887563442999562,0.3142133620888963
2022-05-10,0.06712097165626268,0.33077061131200275
2022-05-11,-0.49379923755228633,0.32578007901629763
2022-05-12,0.44677115747040125,0.2887041394668056
2022-05-13,0.628176983736507,0.34978829190171384
2022-05-14,-0.2674940934209006,0.4365193052264993
2022-05-15,-0.15507927463098675,0.3999965196337948
2022-05-16,0.10633497753102725,0.3719756954886362
2022-05-17,0.12348548055337898,0.3692120604224226
2022-05-18,0.2431740144464406,0.36925993367077875
2022-05-19,0.7793614198723781,0.3877025471003401
2022-05-20,-0.08804709142428603,0.49758955068819594
2022-05-21,-0.37006507844413267,0.4635680267919386
2022-05-22,-0.5791063859215947,0.41984942583247703
2022-05-23,-0.271052569348693,0.3708324388613598
2022-05-24,-0.011263668218011016,0.34001501619003643
2022-05-25,0.581347393229658,0.32395020804181257
2022-05-26,-0.20985885556238018,0.4054371609606516
2022-05-27,0.08378436016319923,0.3743917380252564
2022-05-28,-0.006044785080095876,0.36807059201482956
2022-05-29,0.4157735656779084,0.3498619312035948
2022-05-30,1.0071885474050133,0.39858151214977733
2022-05-31,-0.2931284680678298,0.552167471549181
2022-06-01,-0.24633079850599782,0.503291678411935
2022-06-02,0.4817766716262516,0.46140080729569577
2022-06-03,0.34690528415084565,0.5087397180172404
2022-06-04,0.9772700304115457,0.5291959460993851
2022-06-05,0.38220198631156393,0.6545359445155209
2022-06-06,-0.2386397412046585,0.6641942512063043
2022-06-07,0.35800951745073073,0.6061230668868078
2022-06-08,0.6847167980862141,0.6175832838261603
2022-06-09,0.5575988568029628,0.6795989840866933
2022-06-10,0.36192143696127,0.7134633645078452
2022-06-11,0.7608064402029463,0.7132506729825778
2022-06-12,0.9067423223416833,0.7754603111058357
2022-06-13,1.179417103486869,0.8533150752805445
2022-06-14,0.6264906520909321,0.9657485789506483
2022-06-15,-0.16282161361155514,0.9742908325828471
2022-06-16,0.12970066742880507,0.8840393189066946
2022-06-17,1.0015214296411266,0.8300986212639055
2022-06-18,-0.7483569999242748,0.9160537683706643
2022-06-19,0.29737586881648176,0.8066107897141017
2022-06-20,-0.30912961889845497,0.7859118124381236
2022-06-21,0.02044262634224878,0.7111759355277649
2022-06-22,0.8460856735443129,0.6618048737625443
2022-06-23,0.1423647444633219,0.7449787481354662
2022-06-24,0.032925052876571256,0.7090331685692177
2022-06-25,-0.899740686882807,0.6616440223113963
2022-06-26,0.42866336495328317,0.5744205246955524
2022-06-27,0.3875429658215308,0.600391112817729
2022-06-28,1.3347917416061017,0.617029389662691
2022-06-29,-0.24480167907523126,0.7953833353830677
2022-06-30,0.15833308207525115,0.7224861754167696
2022-07-01,0.17241704396296376,0.6913725926149188
2022-07-02,1.050232623570098,0.6657773241484346
2022-07-03,-0.07467748805884751,0.7836410185066807
2022-07-04,0.20085391431350505,0.7198509640393357
2022-07-05,0.42258939682978147,0.6951666773458429
2022-07-06,0.13179490101694502,0.7062618310816201
2022-07-07,-0.300524528172288,0.6731673386083565
2022-07-08,0.1186496629971258,0.6113126247538773
2022-07-09,0.6298997575215566,0.586700009201319
2022-07-10,-0.6606100285131962,0.6435462081200408
2022-07-11,0.0756237287374472,0.5687291423600432
2022-07-12,-0.3797553361518703,0.5424140063381255
2022-07-13,0.5862718112945533,0.4905848835555558
2022-07-14,-0.8407145220280424,0.5519444261158395
2022-07-15,-0.2675805074551362,0.4787440476004777
2022-07-16,0.16531307612280755,0.4382499254418522
2022-07-17,0.6858755208763219,0.43811241991077376
2022-07-18,-0.03441627188363836,0.5234393190535575
2022-07-19,-0.27170176513562644,0.48937679531879
2022-07-20,0.8421435466724096,0.447673169004884
2022-07-21,-0.8113368607788365,0.5603101327588159
2022-07-22,-1.0719991787143117,0.48753696318075596
2022-07-23,0.1807869812135491,0.41086600949499874
2022-07-24,-0.20870201447094983,0.41569616258097797
2022-07-25,-0.3919288209191937,0.3837800884820455
2022-07-26,0.24533224676985746,0.3463401056137764
2022-07-27,0.08954933676537115,0.36730547413167575
2022-07-28,-0.20445963483868376,0.3624665493384218
2022-07-29,-0.42945837313112556,0.3354345838200303
2022-07-30,0.2621112698419351,0.3004287560500284
2022-07-31,0.21353768731258452,0.3284178721161299
2022-08-01,-0.034315628191716296,0.34600785800113165
2022-08-02,0.6063311937530899,0.32834346709765533
2022-08-03,-0.4429457076151283,0.41393515874061354
2022-08-04,-0.5667574511799461,0.3715162895912039
2022-08-05,-0.2264958332015478,0.32734960475373903
2022-08-06,-0.013777735085607288,0.3022359966302617
2022-08-07,0.0703581491687869,0.28913581157769913
2022-08-08,-0.0694882881288138,0.28805100177104587
2022-08-09,0.09625486262814177,0.27340828625597535
2022-08-10,-0.34727820709438656,0.27748083710508986
2022-08-11,0.36206176645375515,0.25077617600007557
2022-08-12,-0.02471387837233472,0.3008341311214871
2022-08-13,0.32102417932646843,0.28732245323976885
2022-08-14,0.11187312053394777,0.32642208029357944
2022-08-15,0.15003616533850442,0.32848408954067787
2022-08-16,0.19154265994285652,0.3361770087338025
2022-08-17,0.15652263010827008,0.3496083034512823
2022-08-18,0.22908000555693586,0.35642118166804304
2022-08-19,0.49692273037347234,0.37386433769490773
2022-08-20,0.08526303615615702,0.43386183934116485
2022-08-21,0.29941087716570186,0.4222980117680452
2022-08-22,-0.039875523557328964,0.4443663569336754
2022-08-23,0.6015063454348598,0.41767874099548524
2022-08-24,-0.3318807091257112,0.49066304881842043
2022-08-25,0.8033839073009761,0.4460913268533188
2022-08-26,-0.022156368346730036,0.5517305537565063
2022-08-27,-0.7374231064403151,0.5154011314207737
2022-08-28,0.057691814225731886,0.450349929515762
2022-08-29,-0.29504811083542015,0.43322427542334024
2022-08-30,0.33268003708968097,0.39574447158951953
2022-08-31,-0.2779097287606212,0.4258343817793626
2022-09-01,-0.17392916759783034,0.3898153867898226
2022-09-02,-0.6836779278073893,0.3618222759692908
2022-09-03,-0.14174792876517134,0.31338922922965706
2022-09-04,-0.7110324542989293,0.2933448239305739
2022-09-05,-0.3951276188415159,0.24946455867283038
2022-09-06,0.16933409028944454,0.22268651573347825
2022-09-07,0.19036815097129958,0.24226026029079623
2022-09-08,0.11218037125618054,0.2636699434499154
2022-09-09,-0.26200493646164735,0.27095284441431844
2022-09-10,-0.01186209887339269,0.24862212757259206
2022-09-11,-0.0008634760244043731,0.23968540040689326
2022-09-12,-0.26864727088415125,0.2319194234688009
2022-09-13,0.31886258041774046,0.21209454609795517
2022-09-14,0.22674846516484254,0.25844336780882626
2022-09-15,-0.06285026510206294,0.28443644964143705
2022-09-16,0.007269602918767521,0.27038780230166265
2022-09-17,0.05448543046413703,0.2614679732977318
2022-09-18,-0.5311968176614045,0.2601693421983608
2022-09-19,-0.05601164486851866,0.22660505705392076
2022-09-20,-0.14805572373634054,0.21709551821909304
2022-09-21,-0.20419172998306007,0.20386147238061142
2022-09-22,-0.053092427057420545,0.18887360988613647
2022-09-23,0.32710999223559023,0.1819616420048807
2022-09-24,0.14941714635002065,0.23315722992467788
2022-09-25,-0.1420436311905715,0.2486849721916184
2022-09-26,0.13372674780486443,0.23355006849513268
