Date,Returns_1,Returns_2,Volatility_1,Volatility_2
2023-01-01,0.0,0.0,0.0,0.0
2023-01-02,-0.012417605754816246,0.003341764172448975,0.010000000000000002,0.010000000000000002
2023-01-03,-0.012566221412979157,-0.013800427610443275,0.010267409277330119,0.009545508827633359
2023-01-04,0.009561858607942642,0.00350007025858897,0.010494129152748468,0.010096463303843065
2023-01-05,-0.018255958975585414,-0.009692241218657131,0.010355882934037101,0.009632025029981266
2023-01-06,0.007877178763084983,0.012853640592918459,0.011363250102264338,0.00967546789187025
2023-01-07,0.005289491693173627,0.01893981669607372,0.01093177738685929,0.01007041959356619
2023-01-08,0.004391609174915478,0.003401898919810397,0.010411574218430841,0.01126953176846637
2023-01-09,-0.001810428404761998,-0.01957489483739974,0.009932236670520653,0.010618812016908431
2023-01-10,0.013613119095736304,0.008028976513518022,0.009447074961291727,0.011769663789160549
2023-01-11,0.0017844928470305919,-0.01998289644014749,0.009996473448715909,0.011281242615659147
2023-01-12,0.023078194644529065,0.02260706219138442,0.009500632957904228,0.012318472428692493
2023-01-13,-0.013537185749001071,0.003808254287175679,0.011639154955826039,0.013509394378493732
2023-01-14,0.007231413515551671,0.0013561352768921404,0.011691940911109654,0.012548038462266587
2023-01-15,0.0030856752176629362,-0.024179452792213053,0.011162012361505163,0.011668184335591397
2023-01-16,0.0017918446300982775,0.005576745277388701,0.010517820835211312,0.013318476425047961
2023-01-17,-4.2724674123105644e-05,-0.008385780203895356,0.009940860868914993,0.012450520479744386
2023-01-18,0.015298797672825479,-0.019866382069709577,0.009436988629424017,0.011876215690868528
2023-01-19,0.008058508394510501,-0.001959230175200842,0.01022989367182805,0.012739816049017085
2023-01-20,0.007455512531460423,-0.007844333434421952,0.010010721022182452,0.01184171392401355
2023-01-21,-0.00547696527500438,0.0009833295801204719,0.009784175745449836,0.011328473314157568
2023-01-22,-0.007465344498026709,-0.0057599059320421675,0.009464871413634708,0.010619046087571997
2023-01-23,0.005372924104547924,0.002855954098396662,0.009340244619319846,0.01017491835262475
2023-01-24,-0.004772602482151677,-0.002924865478088939,0.009092797533339775,0.009676715257114827
2023-01-25,-0.005872829002718218,0.0031994843888483947,0.008855560232481734,0.009261022532113543
2023-01-26,0.019832250441982984,-0.005719514560342992,0.008728446005699204,0.008923950958387224
2023-01-27,0.005624563297811737,0.000359611544011505,0.010501449019010593,0.008773870596649904
2023-01-28,-0.018234666680524945,-0.0004944647565997112,0.010069156689028726,0.008461535099712394
2023-01-29,0.003527302730045316,-0.005852270977098753,0.011151710184431543,0.00820381073248791
2023-01-30,0.018526020445038472,0.005086415176602954,0.01052296053803215,0.008201641054479663
2023-01-31,0.011522691840009256,0.0017677018289426587,0.011528551606380737,0.008148662143204779
2023-02-01,0.00792856811967937,-0.007869809192040873,0.011384342073074257,0.007964485718166847
2023-02-02,0.005529135566104821,-0.0004949958300046518,0.010953027654135387,0.008181675615411554
2023-02-03,0.0017993014086004578,-0.0024165067471794087,0.010441847817538819,0.007973478211409889
2023-02-04,-0.006733675708065745,-0.01127189729608376,0.009876714900796283,0.007838688303292774
2023-02-05,-0.013946520470544461,0.008362296411331373,0.00962152984921985,0.008477121818063559
2023-02-06,0.0014484803486271899,0.001458282609645172,0.010173967398958698,0.008630299854682218
2023-02-07,-0.013302348216874725,-0.0031821560967942447,0.009644558032387769,0.008354538843188276
2023-02-08,-0.010746408683783714,0.01103016117898134,0.010104911999635395,0.0081762624204651
2023-02-09,-0.017229302478861126,0.006090080114718354,0.010160508214464006,0.008697554788449371
2023-02-10,-0.009391905683266578,0.016160514134707336,0.011057740643176682,0.00861550201780672
2023-02-11,-0.002951818430519561,0.005610385995073792,0.010799985728775139,0.009772293575454684
2023-02-12,0.009862546488164991,0.005557107527837261,0.010207011149110833,0.009462865342023542
2023-02-13,-0.014366343661684027,-0.011097891246088194,0.010152509226865043,0.009204607584933256
2023-02-14,0.007048239186733324,-0.008774110866553525,0.01063475142642388,0.009491899685789392
2023-02-15,-0.0026966245215225494,0.0017446118685745646,0.010268696016768641,0.009474989702681912
2023-02-16,-0.02176134342264652,-0.00431709149555726,0.009751106228979756,0.009062268532213098
2023-02-17,0.013495583322705495,-0.012098070737735476,0.011550881564058837,0.00880701406028474
2023-02-18,-0.0071690516112763465,0.004537922232420889,0.011616857098524547,0.009310592295013654
2023-02-19,-0.009950553711409049,-0.0025660431695317468,0.011095072112363512,0.009022692332442909
2023-02-20,-0.00222406331932828,0.01431748271985985,0.010880342460566251,0.008705494776032508
2023-02-21,-0.005257550447475081,0.0031920430556454083,0.010256711335130713,0.009546074721044875
2023-02-22,-0.008929299301342945,-0.0005884192151616623,0.009845013235162948,0.009160837731928615
2023-02-23,0.005087361797012841,0.015443231322963793,0.00977305822563865,0.008784724359811112
2023-02-24,-0.002328778385255574,-0.012455826485750865,0.009433888841339461,0.009776832055003503
2023-02-25,0.0058303313475199315,-0.011735042804172237,0.00904106895302556,0.010098708698131087
2023-02-26,-0.0008226582914556158,0.0074326453377633545,0.008876486839559756,0.01026441702471905
2023-02-27,0.004459482744443916,-0.02146424730555072,0.008549929330512159,0.009990546889813958
2023-02-28,1.804775457573421e-05,-0.004806132791993581,0.00839462517806489,0.011658482446932843
2023-03-01,0.009353626455448738,-0.006773856508835377,0.008147135574930941,0.011002093510499744
2023-03-02,-0.0026844269264410204,0.0005768749480120034,0.00847641948276814,0.010555821260861404
2023-03-03,0.010459327834655325,0.0015452116358910788,0.00825835120291098,0.009958592694932718
2023-03-04,-0.013345340124847154,0.008254391862435064,0.008689076219471006,0.009464545560713581
2023-03-05,0.0073620560925017585,-0.001231122843523075,0.009392009728647366,0.00940614674766038
2023-03-06,0.0016071584463845762,-0.003234590867928333,0.009272964163918658,0.00899622385539633
2023-03-07,-0.01627055191070858,-0.0063868475234614,0.008890927248348973,0.008705853934761951
2023-03-08,-0.008838475738205554,0.00853520794625786,0.009985587404667472,0.008643650635901627
2023-03-09,0.0023428672441342343,-0.0031599486770504293,0.00987833133633853,0.00877810540612292
2023-03-10,-0.01096597175886703,-0.010393068004236708,0.009413503422464662,0.008523064893626166
2023-03-11,-0.010628667561233068,-0.00928442788590185,0.009639320049123282,0.00888345059078054
2023-03-12,-0.009482297024058384,0.0028634215535139783,0.009779061827203306,0.00904171530385261
2023-03-13,0.004086245762898932,0.009322322097332825,0.009772176618413042,0.008730521794718277
2023-03-14,-0.0035661854222649556,0.006893198874047078,0.009384353421128587,0.008925703197792467
2023-03-15,0.014541971467949113,0.01303989866436825,0.00904016809316706,0.008859241566397348
2023-03-16,0.0017451973992332465,0.007003819978581704,0.009824795404467068,0.009475907588359297
2023-03-17,0.0010028191801330238,-0.0076218165087208615,0.009355525382785236,0.009313410177144476
2023-03-18,0.0054307202403046295,0.004246499349776482,0.008951047356659182,0.009230433142136485
2023-03-19,0.000997314260586543,0.010994157469654193,0.00877760054102314,0.008942258801104256
2023-03-20,0.018744434998330683,-0.015424524607418994,0.00846973910930276,0.009276763650082745
2023-03-21,-0.0042822354916171495,-0.009895881507707469,0.010125441659719668,0.010131054781812436
2023-03-22,0.0032908519614735896,-0.020552567454776384,0.009687796917982739,0.01009472455667446
2023-03-23,0.007612749511092619,0.011345850983209982,0.00928254803179031,0.011565620346458484
2023-03-24,-0.00595428643616678,-0.00224327167328492,0.009204778861105756,0.011396652695070262
2023-03-25,-0.005834157426456256,5.390279189188505e-05,0.009018188055362312,0.01069626948527654
2023-03-26,-0.0027630733586741286,-0.013140043253671161,0.008858098663323358,0.010076131959855619
2023-03-27,0.013002605164666543,0.010060604034313615,0.008575324307679467,0.010415796747670049
2023-03-28,-0.000465182484769934,-0.0018777430972677762,0.009259358708481056,0.010339856520500849
2023-03-29,0.008418596749865578,-0.003343807591881501,0.008866240377311731,0.009791971109310363
2023-03-30,0.00422660937003152,-0.012657527983293436,0.008942899522319537,0.00937146005089962
2023-03-31,0.001383334690121747,-0.01233676896940504,0.008704411764715996,0.009812273551693902
2023-04-01,-0.0041895773120794585,-0.01584369253084545,0.008414558147774037,0.010111585269534389
2023-04-02,-0.002629571818908737,0.011228868765793246,0.008270374046148422,0.010811918637857422
2023-04-03,-0.008529658573977823,0.0034641285154695073,0.008087690293627981,0.010776215341262427
2023-04-04,-0.009576251144009233,-0.0041446641271196735,0.008342906865558235,0.010203012903166234
2023-04-05,0.00677245661230475,-0.0030302785934010912,0.008651805278161132,0.009746743143963761
2023-04-06,-0.0008312654358131615,-0.016662042530907067,0.00862957730792931,0.00932295341439
2023-04-07,-0.010542995331720656,-7.484636251454889e-05,0.008345345039799168,0.010358394394098176
2023-04-08,-0.008866569032816645,-0.015547719859244082,0.008765346663031007,0.009789669439605497
2023-04-09,-0.018400690258621136,0.010686975721764984,0.008906550754352515,0.0105282126437278
2023-04-10,-0.006500724483148617,-0.0158756638740314,0.010359529780412689,0.010492652390363429
2023-04-11,0.008442134435344476,0.020447252590129195,0.010004090548250084,0.011103165030392104
2023-04-12,0.016160933371782614,0.01393109929805413,0.009858621888505118,0.012265122616678245
2023-04-13,-0.004827878373365695,-0.002584286412724989,0.010671059796343075,0.012237407364591005
2023-04-14,-0.004749593265313485,-0.0020063588701798294,0.0101699584414345,0.011422397508047794
2023-04-15,-0.0032504135892250947,-0.017028058091986098,0.009746707514796726,0.010713518537673796
2023-04-16,0.009499265086035323,2.3857829202917937e-05,0.009330335725647707,0.011437616001775432
2023-04-17,-0.011474875338134058,-0.00024677444368481,0.009416354683215545,0.01070772173540464
2023-04-18,-0.010937796159405181,0.0046114177678165166,0.009700590952032972,0.010086145625207437
2023-04-19,-0.0027844160899545586,0.019340309679821508,0.009861273261470908,0.009670097426667754
2023-04-20,-0.015092975624754012,-0.0063649625320834746,0.009411220195390216,0.011055016293255148
2023-04-21,-0.0016858436149679165,-0.025727090484420463,0.010180208434695154,0.010574591386847632
2023-04-22,0.008545483043715872,-0.0015286831074438597,0.009653679189225398,0.012870349835120623
2023-04-23,0.0018941069284926994,-0.014884718231243793,0.009584223784732407,0.011947820349629048
2023-04-24,-0.01370340198904763,0.004909703863268364,0.00915667191452881,0.012097760642695826
2023-04-25,-0.006780838755810803,-0.0033207662251978514,0.009790507394798292,0.011379594424093828
2023-04-26,0.012400551244982337,0.0011522328714097803,0.009554119816147934,0.010709756497592994
2023-04-27,-0.014259927077019436,-0.0034818833890995085,0.009919794931700544,0.010094150357963964
2023-04-28,0.0033186738778241192,-0.0025184521371960757,0.010443008053898294,0.009629426169449347
2023-04-29,0.021814919471023667,0.006526878788518945,0.009916980054520779,0.009209502635812397
2023-04-30,-0.006502914014667316,-0.02062662087954261,0.011673314262630605,0.009061565301383103
2023-05-01,-0.008946426565290029,0.005661182987938756,0.011101432419626025,0.010873606644523357
2023-05-02,0.008705031491334858,0.010944570089373912,0.010798022793216901,0.010382348310962734
2023-05-03,-0.007494150327516665,-0.007232300790148064,0.010528798332230442,0.010402542314465364
2023-05-04,-0.010846064788554667,-0.0328710033996532,0.010212771630158223,0.01008964453067161
2023-05-05,-0.007427651250517629,-0.013251585107100868,0.010256913553090143,0.014124129277737815
2023-05-06,-0.00878091239865821,-0.004562783036724065,0.00998400825412234,0.013680397401701244
2023-05-07,0.004246266892262343,0.00910583402750014,0.009871918704588149,0.012720240459944184
2023-05-08,0.01011448022545045,0.022181154272866318,0.009474539639477489,0.012154638424102906
2023-05-09,-0.00599857912819963,0.0020251851847631936,0.009593945597465467,0.013318729243595749
2023-05-10,-0.009876614373648217,-0.007412362072059087,0.009339878417700566,0.01234183845440494
2023-05-11,0.004083326019109773,-0.007776751642838495,0.009462632521371552,0.011719688233755743
2023-05-12,-0.0018951065407036053,0.014646862975388815,0.009126910020672315,0.011221793994214356
2023-05-13,-0.008183403422484395,-0.014297081020180893,0.00877493772629873,0.0114976514063025
2023-05-14,0.004807035685053609,-0.007165385623643392,0.00884852726943018,0.011670366012188375
2023-05-15,-0.011445992635289476,-0.005022389959270877,0.008657245929163471,0.011139669178225394
2023-05-16,-0.008205880469725048,-0.021621526513479563,0.009113693016726212,0.010573373331654489
2023-05-17,0.0013493970598167664,0.005312656746450913,0.009120371031424148,0.012090741075953279
2023-05-18,-0.0031621343592470475,-0.007242237970906381,0.008759396180284167,0.011391718394656539
2023-05-19,0.0008939897934239059,0.013475908709784481,0.008507733336508295,0.010911553485606379
2023-05-20,0.00036847197973785865,-0.01269789250140512,0.008245310363787544,0.011108987853573499
2023-05-21,-0.014370237668052907,-0.0028117324462132954,0.008025066451820259,0.011173689466885987
2023-05-22,-0.0013912159748589285,-0.0005112577218469053,0.00906486217813252,0.010520059551962049
2023-05-23,0.0013754499688383285,-0.00979336758745206,0.008713835506578045,0.00992791321614352
2023-05-24,0.012014072898365305,-0.014593889269530794,0.008422228306703514,0.009921782779930097
2023-05-25,-0.015461884049311555,-0.004796968950977075,0.00901004653045221,0.010490547136676262
2023-05-26,-0.008329331468688805,-0.013039085699556313,0.009942421064316611,0.010017103098856728
2023-05-27,0.005721448320421781,-0.0028500384980433063,0.00979893696110258,0.010357396351522781
2023-05-28,-0.007308350569889519,0.011669035526352301,0.009491513553825626,0.009830198334218027
2023-05-29,0.024910458496456657,-0.008672821240763675,0.009349452520827351,0.010046037947548154
2023-05-30,-0.012610373112688564,-0.0055067545243084725,0.011915657942460956,0.009912622538071656
2023-05-31,0.022801589953505244,0.0034500405523773033,0.011810523881924467,0.009572904627380767
2023-06-01,-0.001702583911008363,-0.013625676766831785,0.013175053318039578,0.009192533948006244
2023-06-02,-0.0069724615487168195,0.01026629962938605,0.012212923611648073,0.009806531040261678
2023-06-03,0.009567062024537307,-0.005187155601816672,0.011583864835191849,0.009872898846991487
2023-06-04,0.016890343922755454,0.00011738908277521536,0.011247293327469049,0.009522077695444754
2023-06-05,-0.004725749832219119,0.010310490556223273,0.01182072999176447,0.00908500682058878
2023-06-06,0.010502327255642662,0.013684439616802225,0.011136291895340744,0.009309162190826448
2023-06-07,0.009096149688128148,-0.008209697347228536,0.010965559061035012,0.009902261828424895
2023-06-08,0.012186066620393628,0.01737636678833249,0.010699008474233537,0.009756215685820694
2023-06-09,0.010685278386000125,0.005385285141129017,0.01079004392173841,0.010786139619106986
2023-06-10,-0.002903535105920393,-0.003540726753251968,0.010703156342176235,0.010294307937468262
2023-06-11,-0.00034715655915050996,0.014525070857183629,0.010123689849021705,0.009799586487360427
2023-06-12,-0.017563906914765313,-0.016244961051137725,0.009591836565278008,0.01038861321828983
2023-06-13,0.01802248984028276,-0.0032427846837030684,0.010698212260329175,0.011078289743217546
2023-06-14,-0.010658708172641541,0.0055613911521302595,0.01157766861064677,0.01045152468103239
2023-06-15,-0.003968768561570397,-0.0035406215059761506,0.011339961832269013,0.010023991304928525
2023-06-16,0.012532800728216695,-0.002881171014543335,0.010698172735349966,0.009572769787782646
2023-06-17,-0.013364164065281061,0.0001655056319439492,0.010829027163583402,0.009172810461871097
2023-06-18,0.0002869525848607394,0.01948189848489241,0.011030609754862907,0.008792900580977245
2023-06-19,-0.014325225014093265,0.005798798021943665,0.010360874259919248,0.01047886049907743
2023-06-20,0.020658549626856832,-0.0001613542508241002,0.010788854411582637,0.010060209726304418
2023-06-21,0.005563516283272498,0.0023844612170348827,0.01207464578693684,0.00953775965880929
2023-06-22,-0.020175936026509002,-0.007077553297406028,0.011390036349696918,0.00912927450441284
2023-06-23,0.010910843144282749,-0.004727213281923828,0.012429528627124686,0.009037925561172768
2023-06-24,-0.0026173072125877713,-0.013698025563988392,0.01206230472695512,0.008808060700331249
2023-06-25,-0.011077218261862963,-0.01310457766500658,0.011273171069634555,0.009530432155770471
2023-06-26,-0.018215235386166654,-0.007267487369891357,0.011132743831342364,0.009991811909679545
2023-06-27,0.00529349761443464,-0.002308503184301537,0.011930208220679929,0.009754521077832794
2023-06-28,-0.0003197263090965419,0.00501857612730793,0.011254599337623072,0.009308784231117426
2023-06-29,0.0035788663628532826,-0.004107330841518662,0.010551920559386968,0.009046622669469467
2023-06-30,0.0006915984588752619,0.0015390096632564403,0.010017746774480127,0.008784083449237952
2023-07-01,0.01189806077672311,0.015897435541546077,0.00950431645058799,0.008483215941428143
2023-07-02,0.014642998573843196,0.0001246237745103765,0.009819470962276618,0.009635601063082764
2023-07-03,0.025516165564108326,0.001030037476364799,0.010420141491676221,0.009180272293675318
2023-07-04,0.018921288723490384,0.004862349006087558,0.012726780797779957,0.008804999558721724
2023-07-05,-0.015078510092669502,-0.015732610626005755,0.013243046336684055,0.008624770000931727
2023-07-06,-0.005127391071869852,0.0010978641153004736,0.013154420081551385,0.009708801664784817
2023-07-07,-0.0006360015240648248,-0.0013906733927997045,0.012290647992108755,0.009248199520688834
2023-07-08,-0.00022747255304449404,0.016392695319709733,0.011440649992312625,0.008866608864053917
2023-07-09,-0.002772032706667288,-0.024649760790469374,0.010710553308467362,0.009988265524252894
2023-07-10,0.009679274437416212,0.007217754899757045,0.010126261811325058,0.01227083653420252
2023-07-11,0.00402103184880706,0.012354724694698796,0.010069844982951928,0.011647675389475453
2023-07-12,-0.008297732180349175,0.022729766491975445,0.009630072278932167,0.011567134295539832
2023-07-13,-0.009612025639999994,-0.009264552796992842,0.009543367833822945,0.012988575946839437
2023-07-14,-0.014445371435517461,2.2589622714166185e-05,0.009596864038826376,0.012391354968456015
2023-07-15,0.009918708846578757,-0.0017137530738265958,0.010224808804803222,0.011525475842347208
2023-07-16,-0.006626773087536199,0.005812811384635266,0.010172288365660167,0.010796433192208818
2023-07-17,0.00988041722131479,-0.012404756108352176,0.009857574378653481,0.010326144167035301
2023-07-18,0.005207732231394227,-0.006627747842007744,0.009874192754411565,0.010520988551342873
2023-07-19,0.013461193682915838,0.013226956898797491,0.009524273911454318,0.010146214280396117
2023-07-20,0.006566260463799809,0.014171017731564303,0.010034431143279862,0.010481019523845756
2023-07-21,-0.0256510976241223,0.004794472843455788,0.00973978564154396,0.010861086067342424
2023-07-22,-0.0007068582193459757,0.0065379723647780415,0.012316193421946814,0.010328080626836687
2023-07-23,-0.00621793838859922,-0.0026685603006783884,0.011463021468167566,0.009980476331909793
2023-07-24,-0.0025671970773196986,0.0035773632389729747,0.010908114627385338,0.009507893965399748
2023-07-25,0.013574435959207022,0.020839902330604673,0.010288275942193729,0.009143292125934918
2023-07-26,0.0005347696591754842,-0.002643788980418959,0.010635103603220755,0.010968590868250168
2023-07-27,-0.010945766187219066,-0.020506876307165477,0.01002561423454088,0.010341515871735017
2023-07-28,-0.00959031707588473,0.018441816077805453,0.010118860230598594,0.01173076118621534
2023-07-29,0.00991670353986769,0.003087774244966553,0.010055370905874755,0.012413648312690892
2023-07-30,-0.004563112455520104,0.007795207522196502,0.010036059393682982,0.011585869260600458
2023-07-31,0.006996634475295716,-0.011461535784886415,0.009626016312628927,0.011111364418935786
2023-08-01,0.007594799495781619,-0.00046238234254601456,0.009435223444036089,0.011041132897268149
2023-08-02,-0.002260902886401331,0.0036593906910764753,0.009326674170851208,0.010370471169005746
2023-08-03,0.008482331194876134,-0.015234829215866687,0.008949896594796626,0.009867950741503387
2023-08-04,-0.005427985172460445,0.00999404468073537,0.009015293311700884,0.010540928023331357
2023-08-05,-0.006338615115492651,0.013768382583950651,0.008829876165612064,0.010434415354129591
2023-08-06,-0.004489701035616287,0.012208790210633053,0.00874020449636451,0.010773042974192569
2023-08-07,-0.005716426372162995,0.014722564781260319,0.008551530930163191,0.010851369488675834
2023-08-08,0.013127745324459808,0.01571431580945469,0.008471758852001528,0.011219499418318651
2023-08-09,-0.002151022104437858,0.012062149178439369,0.009200561296331905,0.011635966049024457
2023-08-10,0.00016840046158670638,-0.02089935416228716,0.008842112425400762,0.011526756221744799
2023-08-11,-0.0009220218786925442,0.003936742168409233,0.008517581674764704,0.012647971680727978
2023-08-12,0.0044422956646031145,-0.00403298429849713,0.00825374887572361,0.011812143920527325
2023-08-13,-0.005362770190170148,0.018041387047313687,0.008153091161024889,0.011101706690171246
2023-08-14,0.0062056492227147205,-0.010866789176264666,0.008127376378342736,0.011880550399992931
2023-08-15,0.0027729104607626875,-0.009957304425746985,0.008166664292337037,0.011607182816926596
2023-08-16,-8.852727558788909e-05,-0.007083428502188687,0.008007772959651575,0.011300271921469186
2023-08-17,0.006598269013335658,-0.010981786192035308,0.007829452466584995,0.010824713037022175
2023-08-18,-0.012063384660146365,-0.025359682031338888,0.007962033417315306,0.010761017269006681
2023-08-19,-0.019481938393593384,-0.009880824868637792,0.00867569627503303,0.01292094970983748
2023-08-20,0.002816511234857777,0.0036601355657944774,0.010400421003136094,0.01238239973235352
2023-08-21,-0.0024086472099155106,0.023159258954589746,0.009865509575667519,0.011575781517523134
2023-08-22,-0.014113715893295284,-0.01683799365725181,0.00940440223981585,0.013070352012310866
2023-08-23,-0.008934966347379617,-0.008757961215283779,0.010033639560113185,0.013229477858961032
2023-08-24,0.01275121824431491,0.009425042217330273,0.009925850120805537,0.012557286968188378
2023-08-25,0.0019443069721962068,-0.004725188276843472,0.010250724714280995,0.012042902759758244
2023-08-26,0.002193355114953826,0.0012132112932023357,0.009718020307376911,0.011325102468850164
2023-08-27,0.00024998882191187296,0.0010125123348121128,0.009275398407707426,0.010618547212691586
2023-08-28,0.01127585285224908,0.003236869557470705,0.008878775925681943,0.01001525606509104
2023-08-29,0.0029738872652264763,0.015388020145185342,0.009261782512310078,0.009554685536043682
2023-08-30,0.007377394350979604,0.02422266643883625,0.00891677591906928,0.010330185330041706
2023-08-31,-0.007823544743107234,-0.0156800227857862,0.008890990325813072,0.012411443916930838
2023-09-01,0.020111920157060224,0.022686607768689967,0.008908453985608356,0.012562701283512756
2023-09-02,0.006806545477071154,-0.007303105492888971,0.010674145172863149,0.013701291473290276
2023-09-03,-0.005197509552250517,0.017109905428891358,0.01028507687235394,0.012865218436267298
2023-09-04,0.0006065242043904887,-0.01438214908413563,0.009865477969706155,0.013102899019257463
2023-09-05,0.013489595833655431,0.013241889993598517,0.009375441942525011,0.012962769433840783
2023-09-06,-0.0014157041039448042,0.006062010420545095,0.009925525118081315,0.012726408691229037
2023-09-07,0.0008465983191566048,0.008835897967911458,0.00943468393252912,0.011968457694073691
2023-09-08,-0.018101364662460963,-0.011066243660169185,0.009015668671639302,0.01150662821810975
2023-09-09,0.001571516585183757,-0.0008598106300522347,0.010382281326460083,0.011321138159852267
2023-09-10,-0.004583722313769165,0.010831379845245159,0.009822442612260973,0.010611713472362774
2023-09-11,0.004227324403184006,0.0053523508911199925,0.009449092767133927,0.01057443375272732
2023-09-12,0.002631826438038905,-0.0037034079856514365,0.009122242622211802,0.010115319340427288
2023-09-13,0.007176259967750596,0.012005303007258234,0.008790045472396271,0.009655427041714756
2023-09-14,-0.0024374128353777742,0.003688682845842121,0.008772786913969205,0.009949600349557244
2023-09-15,-0.00340475674613135,0.011465024919778905,0.008494912025638282,0.009516106126270803
2023-09-16,-0.004230424811614644,0.017626698563631853,0.00830000368124616,0.009776998531567552
2023-09-17,0.0077356784919055,0.016843739333668336,0.00817934583543405,0.010841670095254392
2023-09-18,0.0015365832477751667,-0.010208996776006885,0.008336991712213632,0.011506719942604118
2023-09-19,-0.00959102758197408,0.006298412640730531,0.008114213052129539,0.011240375642622917
2023-09-20,0.010496753288014063,0.02080152515517497,0.008477685047941936,0.010725848957034025
2023-09-21,0.022275218692203738,0.015003528508169418,0.008860874560483407,0.012054269515712016
2023-09-22,-0.010165494953780425,-0.01999491722406958,0.011064836879043806,0.01219651251856384
2023-09-23,0.011439822991314309,0.010541642939927,0.010875579106117148,0.01299936942978878
2023-09-24,-0.00577429872652063,-0.0344448225233393,0.010849402367042613,0.012501980164957587
2023-09-25,-0.0007627876933955459,0.027784683806394813,0.010368311239343737,0.015927466411907093
2023-09-26,-0.01360561339818202,-0.025842268016326827,0.009801004380737766,0.01703367882942721
2023-09-27,-0.002868024225934387,0.03961150448337652,0.010264454251983966,0.01757552995485565
2023-09-28,-0.016235924690431804,-0.0164160302644237,0.009752423963759577,0.0203476419100317
2023-09-29,0.00705881672705812,0.011599283594705814,0.01060416633170505,0.01918775208312194
2023-09-30,-0.0008401235209148437,0.005922875311048913,0.010244089233845685,0.0178322797755565
2023-10-01,-0.016286431423853123,-0.009234790174641443,0.00969658043527892,0.016367657339705043
2023-10-02,-0.0003309852626772277,0.026002831535096672,0.010570890339165107,0.015259367627426955
2023-10-03,-0.006795670205112029,0.00328067707188919,0.009970252412779443,0.016244795015494484
2023-10-04,-0.0037471342473151857,-0.027377164981262712,0.00970272435418487,0.014906071792439128
2023-10-05,0.0034675433704187608,-0.0051521617992288556,0.009312270905712204,0.016208136761090317
2023-10-06,0.008555019922575902,0.02103364380998214,0.008976474655435324,0.0149270705409169
2023-10-07,-0.0067432571066648695,-0.04737557119369995,0.00904325795160711,0.015247798698150739
2023-10-08,-0.003336803128362777,0.008687524083146879,0.00894268210013656,0.02050465231854457
2023-10-09,-0.00020414583083211305,-0.0031397196827631837,0.008665487639309598,0.01881222796037306
2023-10-10,0.007099705173833785,0.019661917359022906,0.00837118321228526,0.017149510798709872
2023-10-11,0.016628232712927966,-0.013484399797784083,0.008432197107187038,0.016850628354199673
2023-10-12,-0.014859487999601134,-0.003752645835136222,0.009722724451463775,0.015979294243981312
2023-10-13,-0.001997913151583658,0.0017059235594298866,0.010378127719791382,0.014685997096043018
2023-10-14,-0.009259327176529492,-0.008631329100036346,0.009826677651717741,0.013521605898821669
2023-10-15,-0.004612754357070736,-0.011133768303357567,0.009788993253282837,0.01279519617160099
2023-10-16,-0.011222447139978426,-0.009445754762343826,0.009422699263274884,0.012384252731557407
2023-10-17,0.00665289365867099,-0.0116657870884194,0.009675956857378903,0.011900336166609068
2023-10-18,0.003321864290227605,-0.009057833060273818,0.009451212212623562,0.01170057517995916
2023-10-19,0.009301460271587793,-0.001065265561436956,0.009086462901850462,0.011301645968985224
2023-10-20,-0.00639977279560324,0.023718142498311678,0.009203410388098337,0.010596944859640554
2023-10-21,0.003361147849459915,0.028619526988356337,0.009047536648223066,0.012493647211428364
2023-10-22,0.007158199593083973,0.0135187927691045,0.00875306043663269,0.0147234747603489
2023-10-23,0.012370216856335946,0.006418657537702425,0.008741672365589913,0.014202124594873265
2023-10-24,-0.001649729876506323,0.020102309687252923,0.009297079923563769,0.013246893630782791
2023-10-25,-0.004035343888393822,0.01415995785037494,0.008911830168413766,0.013812835992961086
2023-10-26,-0.0177455868511104,0.01602961019452961,0.008669773560496235,0.013516138175055497
2023-10-27,0.0195746543751767,-0.003349219882991064,0.010080801760834993,0.0134849409799454
2023-10-28,-0.017113634359551246,0.0024717728223234113,0.011384847855977943,0.012513857677333194
2023-10-29,-0.00623350405218743,0.011334830864544685,0.011957401752147235,0.0116571125611516
2023-10-30,-0.004301786190514078,-0.008245647593087687,0.01132560031992418,0.011469893534094822
2023-10-31,0.020497592321111435,0.009459951504943772,0.010698874451465591,0.011047435746349261
2023-11-01,-0.006615555896589887,0.005950698145379169,0.011982815225097447,0.010797487555138055
2023-11-02,0.00015104024033408715,-0.011479098463305516,0.011368678311798264,0.010334876431018943
2023-11-03,-0.01829992543482415,-0.0018887447417555649,0.01064893227329115,0.010422317728248883
2023-11-04,0.0031357711863559965,0.003142265152021087,0.011584840695535085,0.009861871076667335
2023-11-05,0.0005088912869873591,-0.0019329294832265043,0.01087888474275092,0.009422981690251065
2023-11-06,-0.007867281537720908,0.0018634203314122583,0.010232595156217418,0.009022620948846188
2023-11-07,-0.012161949947042968,-0.0015392199467025869,0.009997710477114835,0.008687541917159222
2023-11-08,-0.006530228767995728,0.008757349169542532,0.010234973105915191,0.00840331050564904
2023-11-09,-0.01583176826554439,-0.0027267528677477936,0.00990293534055846,0.008611714022841792
2023-11-10,0.012214181569798426,-0.01376707992597315,0.010654529146274612,0.008370950534386466
2023-11-11,0.013397288747220014,0.012121209922866194,0.010757965244647918,0.009220168070492496
2023-11-12,0.01383783233521252,0.0008021402180476951,0.010978879156893969,0.009628165578027958
2023-11-13,0.006085996231870825,-0.01494641268604296,0.011206122898089687,0.009177450670599049
2023-11-14,0.009290334011192078,-0.00040717516714292457,0.010684834455390809,0.009985990480026193
2023-11-15,0.0030576820873905925,-0.005873606556059549,0.010486352105247874,0.0094758948841475
2023-11-16,-0.00242430198247127,0.0076509980084419685,0.00994513983586677,0.009234933268945087
2023-11-17,-0.004046648258362277,-0.00038233573957641246,0.009471661369272907,0.009169567658183964
2023-11-18,-0.0032183997625008574,0.0015890610401280796,0.009132766913046233,0.008790869973568396
2023-11-19,-0.005947686122684266,-0.00012875389266336356,0.008818262577943128,0.008489760150479779
2023-11-20,-0.004854208365481319,-0.006744944254799313,0.008703269554382356,0.008225720618075182
2023-11-21,-0.004686686450677313,-0.004957606033963623,0.008541302865168871,0.008287304208808601
2023-11-22,0.005160294351255434,0.00801711181183913,0.008399975398555035,0.00820983036355007
2023-11-23,-0.005763494625837882,0.003226716303187189,0.008313274513464818,0.008387398873248368
2023-11-24,0.00020585521158860922,0.004870101395772877,0.008283128245969948,0.00820487280201831
2023-11-25,-0.005678264482620209,-0.0006841229601412153,0.008055582441274,0.00813804269578077
2023-11-26,0.003931329228990903,0.005522269874172256,0.008070823720537341,0.007939080145529444
2023-11-27,-0.002137830210289193,-0.0020556341422911335,0.007978476757693939,0.007966978178834865
2023-11-28,0.010928260442792048,0.012650122073458664,0.007834660483980939,0.007823091218586169
2023-11-29,-0.012232057170623315,-0.016606364465300644,0.008429010116849505,0.008658127038730527
2023-11-30,0.0031741735078080644,0.007950920166954187,0.009044384528673068,0.009876622151853198
2023-12-01,-0.008569157363820154,0.004735873719200288,0.008743469045394263,0.009713899590509969
2023-12-02,0.004438022750105642,0.013441203295989006,0.008860115493085035,0.00936646818133863
2023-12-03,-0.003159971706847012,-0.00541353226564887,0.00864701808912702,0.009912173099680703
2023-12-04,-0.0077368479611964755,0.003818664436958694,0.008415181494522818,0.00956721347130653
2023-12-05,0.0008061674999394617,-0.012964713374147827,0.008522799147350267,0.009202362669045849
2023-12-06,-0.00467964250703513,-0.006352082536534547,0.00825684412161544,0.009723947873240563
2023-12-07,-0.0008422906408760485,-5.311139137226337e-05,0.008168860708708979,0.009469901005200341
2023-12-08,-0.005481189054921081,0.008235753444404288,0.007965875568636647,0.009041211319321372
2023-12-09,0.006649727517940836,-0.006449667167637845,0.00798551702806903,0.009065184232888024
2023-12-10,0.001241083758564413,0.003621896965356246,0.008089293749812175,0.008938784749522267
2023-12-11,-0.010260961815329527,-0.0038975617345660464,0.007905907132402802,0.008673713852865979
2023-12-12,-0.009288026907967647,0.019762836222689522,0.008398299101991252,0.008467924677782313
2023-12-13,0.00571954914936302,0.010858843834745766,0.008663249195857104,0.010316082988972155
2023-12-14,0.004089559704336695,0.0026662997271704263,0.008562291372688326,0.010340633613615181
2023-12-15,0.002018873605308536,0.014223520365090095,0.00838586409967296,0.009810906087020375
2023-12-16,-0.0011415192136226885,0.01413749521889982,0.008164910190686006,0.010355382936245284
2023-12-17,-0.0013930181648455677,-0.0067263680493564425,0.007966361361944457,0.010759834650749311
2023-12-18,0.0032713603189340403,0.009236354826314542,0.007807969047071344,0.010351021016436628
2023-12-19,-0.004573818346050873,0.009268350077105417,0.007735740710859496,0.01021008980929789
2023-12-20,-0.013002300925078102,0.004011460960453291,0.007743728359310284,0.01009886025481692
2023-12-21,0.004418115876928629,-0.006794390202218459,0.008653221715457068,0.00965395072811027
2023-12-22,-0.004942818598245745,-0.0012661197980699417,0.008476707594088822,0.009443271972712894
2023-12-23,-0.005764618159484495,0.011492101891780035,0.008362224756490517,0.009027769069643195
2023-12-24,-0.008292958517686837,-0.008820873747165964,0.008322531138717124,0.009402517327234794
2023-12-25,0.009682910074706372,-0.007026020741207817,0.00850229002925332,0.009407797140537449
2023-12-26,0.019768467743702375,-0.008033181269521834,0.008786752718992229,0.009259687596004085
2023-12-27,0.023559409301118623,0.01842740601809973,0.01052828810249577,0.009222074150177562
2023-12-28,-0.01951858760630649,-0.019241667531999494,0.012416942335256562,0.01058273360529728
2023-12-29,-0.007297932205317316,0.008421158449964682,0.013093582083607811,0.011688437765148559
2023-12-30,-0.002639870720081622,-0.026530370683493305,0.012348258778932404,0.011242208540840274
2023-12-31,0.02021286580929637,0.01261800572218291,0.011518701647280364,0.013472039903479713
2024-01-01,-0.009595092586921601,-0.0016846738911896187,0.012529979430697792,0.013081211494707354
2024-01-02,-0.0004986940948182644,-0.01930909185842773,0.012033573359652052,0.012131705896013827
2024-01-03,0.013371476569883469,0.029721438632558862,0.011219196933012753,0.012846273124825789
2024-01-04,0.021600266246840583,-0.009240951231682146,0.011339133230687101,0.015177541895741659
2024-01-05,-0.007943275911865473,0.005833479211115131,0.012630039751800388,0.014241690221466954
2024-01-06,0.004741574163364342,-0.0028187883736839753,0.011996828186101885,0.013253812291640214
2024-01-07,0.004136143362919423,-0.0015953952515407842,0.01128660098418241,0.012301438493086415
2024-01-08,0.015749324501831995,0.0058909286058052585,0.010659299114518746,0.011459268728859379
2024-01-09,-0.006761802098778817,-0.0019020649798020472,0.011211630047260064,0.01088678905022234
2024-01-10,0.0057972481508735815,-0.008104639766018816,0.01072999139867338,0.010255706985770009
2024-01-11,0.01660020240289475,-0.013555574741614207,0.01026971182384221,0.01003554379174695
2024-01-12,0.009463231728539061,0.011641274677786263,0.011042203436702244,0.010437675604003294
2024-01-13,0.015741076834417143,0.006649945909618813,0.010793492523961737,0.010521786218313466
2024-01-14,-0.012470873714670368,0.006350386264385107,0.01131272445888066,0.010148328248494851
2024-01-15,0.009113053566383025,-0.0016605852479239065,0.011310811503458584,0.00981955159679137
2024-01-16,0.014494440438590946,0.013704702012832087,0.010984185906283335,0.00934957909139233
2024-01-17,-0.019160915151581855,-0.013147270629216369,0.011292951446890262,0.009935471255809304
2024-01-18,-0.0023105483835120294,0.002305323270999123,0.01219584637694607,0.010308052374711522
2024-01-19,0.006100042828990983,-0.005073918280065158,0.011380896206508074,0.009774262455357832
2024-01-20,-0.008307796313503868,-0.004419177026024512,0.01083240005826042,0.009434162915079012
2024-01-21,0.006636109269244244,-0.0059909488693050735,0.010524954193554818,0.00911897233712966
2024-01-22,-0.01431885729379328,-0.004601573522477235,0.010150050406006694,0.008950624113643224
2024-01-23,-0.0027023217802732346,0.00942384784087454,0.01062646629955523,0.00872974143415838
2024-01-24,0.009004099820936315,-0.001459155784997219,0.010053242417890873,0.008935748386039352
2024-01-25,0.017563580281391107,-0.005656068663731001,0.009947940884868728,0.008607612499141267
2024-01-26,-0.017796727519654918,-0.008130346986929745,0.010955234251679026,0.00851304326437863
2024-01-27,0.027148339502232666,-0.004456466467190908,0.011733971069003592,0.00863642163802426
2024-01-28,0.002327047120200774,-0.00038405066891253467,0.013923077799517581,0.008465000431488862
2024-01-29,0.012459521616764464,-0.004152746934894739,0.012869467399978095,0.008206079169476401
2024-01-30,0.01462307830611807,-0.004167822285392655,0.012570700888142286,0.008099155448508158
2024-01-31,0.007751358383236821,-0.0014528577575143363,0.012561905053374631,0.008013371914714872
2024-02-01,0.009142209411030057,-0.004058047159360013,0.011926840425466288,0.007847444368785919
2024-02-02,-0.006332906224162373,0.010552221171167712,0.011495982660005283,0.007804657658841344
2024-02-03,0.00523195269306193,-0.0011029010855695572,0.010942424958834178,0.008358533489906748
2024-02-04,0.0019035214532307954,-0.0013980564903365673,0.010417613166268823,0.008124881830646474
2024-02-05,0.0012572824130185018,-0.0027833381842099405,0.009858177856881312,0.007937658345166576
2024-02-06,-0.007801613952400844,-0.0040801007156151875,0.009375767298356577,0.007821753840951668
2024-02-07,-0.0021703734305710915,-0.013197932301642427,0.009295726328403586,0.007785151809933452
2024-02-08,0.002471373414380999,-0.017365003161003274,0.008921853756976371,0.008712371242482827
2024-02-09,-0.00633647842647439,-0.005080744248837675,0.008619184893250035,0.01004383709603251
2024-02-10,-0.002917936362513621,0.003760347575701237,0.008570144366586903,0.009658381184314519
2024-02-11,0.015537937351901968,-0.008750807447111927,0.008343220890811949,0.009275854843098012
2024-02-12,-0.012015875804283135,-0.0005942782789398303,0.00947788043717939,0.00930004567482455
2024-02-13,-0.008724963626837931,-0.002408242904297444,0.009813373589116534,0.008901010971251537
2024-02-14,-0.00912578102985612,-0.006843833518378456,0.009729046201381738,0.008600137233607502
2024-02-15,0.009757202071324737,-0.013271858535967261,0.009698013195051064,0.008593817200303583
2024-02-16,-0.0017254356355862345,-0.003349970610839249,0.009734550178163036,0.009311131948246662
2024-02-17,0.005531838118914027,-0.010227404607693273,0.009279379642529681,0.008971063082794392
2024-02-18,-0.002080437928097579,0.0015620928275868577,0.0090523826994633,0.009211078045990475
2024-02-19,-0.005113544693069793,-0.0028022595313427984,0.008717185797452103,0.008838505553297005
2024-02-20,-0.014214930661548428,0.00046140847684746935,0.008567747458617275,0.008560409463374387
2024-02-21,0.004287923839664409,0.009651844862076799,0.00943034795662266,0.00828527476446946
2024-02-22,-0.004422430454106706,0.0017433539702370034,0.009109544398698433,0.008615824584006074
2024-02-23,0.009749553949905832,0.002879049496704697,0.00885114842456206,0.008348046173593247
2024-02-24,0.0029052991334636924,-0.013808082864549504,0.009065298835069607,0.008159705419535894
2024-02-25,0.010041255887934687,0.005234768676519434,0.008751445062432946,0.009073640353590687
2024-02-26,0.00370638897485356,-0.008430041585353246,0.009019585052834964,0.008865948326192431
2024-02-27,-0.0018448459925236315,-0.005835719438986924,0.008743915801490242,0.008943745965268134
2024-02-28,0.010094828084504423,0.0016586439059902028,0.008456074533047449,0.00879761533883228
2024-02-29,-0.0013808678432106084,0.017899740632499866,0.008797426476665367,0.008496678085036142
2024-03-01,0.0015241692051498634,0.013547464014083993,0.008491551665620812,0.0099897398492485
2024-03-02,0.003575888378821891,0.0023129266367362205,0.00824120555067757,0.01040140855489394
2024-03-03,0.011238237839980597,0.006394200549891002,0.00810016499292418,0.009853243268251783
2024-03-04,-0.010828457097634147,0.005098055845436266,0.008667175855194855,0.009579024083376235
2024-03-05,0.00944741799288329,0.004920822181320803,0.009045523652914101,0.009273897737857596
2024-03-06,0.009887450794579549,-0.007734610068016429,0.00918599854112596,0.009012524202231585
2024-03-07,-0.008682424335351024,-0.000780433107867392,0.009342495580923644,0.00899793827979911
2024-03-08,-0.0016766988720323716,-0.003952678980861134,0.009346883340321084,0.008650504159483706
2024-03-09,0.004961141270982824,-0.0047668179448419595,0.008953910567612619,0.008451469983569134
2024-03-10,-0.0009294489188550996,-0.0034512590645798813,0.00875210282351098,0.008331514342450764
2024-03-11,0.006278896437923045,-0.002408795890160698,0.008447829934126466,0.008168379515170356
2024-03-12,-0.009161719896186395,0.010254465430144305,0.008428233416591808,0.007997385128098389
2024-03-13,-0.014495297933016635,-0.0016401500342850905,0.008673050557056706,0.008466518838076597
2024-03-14,-0.008266730389445795,-0.005225800906923782,0.009549283270952901,0.008222807440400222
2024-03-15,0.005126588448692958,-0.012862925459458965,0.00947549111784183,0.008174506056845365
2024-03-16,-0.0020267857836065535,0.013589790934696172,0.009190001983224309,0.008944468936514956
2024-03-17,-0.010789616731712724,-0.008327920206038232,0.008830384772058143,0.00961618746748938
2024-03-18,0.0032255800791443166,0.0007003622355554366,0.009166359097253532,0.009534792846398596
2024-03-19,-0.012610085615809202,-0.010705945418832666,0.008846363544674125,0.009098289423022677
2024-03-20,0.006570567720977229,0.005727147811024953,0.009407866086176785,0.009364017464270956
2024-03-21,0.009973991860391714,-0.017121253502364667,0.009226244710278554,0.009133886394184568
2024-03-22,0.0020262161541663107,-0.00016592364932328213,0.00938333227197409,0.01029835116310953
2024-03-23,-0.0011042993564999639,0.010633422450719696,0.008991556862488098,0.009738972348698603
2024-03-24,-0.00843683289722577,-0.0013896921282696144,0.008648723810826778,0.00985824696528342
2024-03-25,0.009505708898662212,-0.01533429300721838,0.008772591052724432,0.009377694333041213
2024-03-26,0.0017109500191568323,0.01709423015455586,0.008977891355395387,0.010191514853361363
2024-03-27,-0.001959269436368423,0.008984972459148323,0.008647240111632835,0.011059604444224979
2024-03-28,-0.005503904517004764,-0.0010924180661892836,0.008378763805658579,0.010766840454810415
2024-03-29,0.010313913657466919,0.01065623319854054,0.008318187472162546,0.010141953481780883
2024-03-30,-0.0039920674422036,0.01836221877221614,0.008717308974161798,0.010180516044850263
2024-03-31,0.009833573263789782,0.00781655285856092,0.008508045653798035,0.011253063288519959
2024-04-01,0.005227026810751496,0.015325756334203411,0.00880791626839864,0.010835820068615767
2024-04-02,0.01303609452317182,-0.004920744212308163,0.008648450272790417,0.011288041369922
2024-04-03,-0.008049891106994665,0.005907170014861247,0.009318290065159485,0.010693796086308775
2024-04-04,-0.004209352178146415,-0.01695723002365843,0.009270625570812747,0.01024574475315923
2024-04-05,0.0011378820059375315,5.456666807146307e-05,0.008973709564908613,0.011078582646035466
2024-04-06,-0.009113271692125495,0.002810228337894379,0.008634318052412101,0.010401360127798527
2024-04-07,-0.011170564714367304,0.013315059491006932,0.008828721916428061,0.009866122457056576
2024-04-08,-0.0036817190787818803,-0.000720778562518936,0.009210603462633735,0.010276253149617045
2024-04-09,0.00889708356861927,-0.013201874727364931,0.008900768419311396,0.009722811075487895
2024-04-10,0.007996850749567023,0.0038764919980501388,0.009016360261550577,0.010151620254885805
2024-04-11,-0.010252359134968234,-0.0043846854275141475,0.009023899605156286,0.009692627820184827
2024-04-12,0.0031216917370379847,0.005479529828644779,0.009255036361375814,0.009331675834399852
2024-04-13,-0.00430587169400386,0.015599819760799858,0.008916224221632154,0.009092120974610849
2024-04-14,-0.00448299041446271,0.0059935323875752,0.008686385704126791,0.010023411031705275
2024-04-15,0.004783894813944679,0.01098227570256832,0.008507194460355487,0.00969367102889819
2024-04-16,0.0059910203346332305,-0.011842433215751158,0.00837773543555364,0.009860773010972433
2024-04-17,0.0068822957721543536,-0.003109327621876378,0.008350951639633881,0.010090203067633996
2024-04-18,-0.010989151866750993,0.0047867340410181975,0.008398054187699936,0.009613352702511686
2024-04-19,0.013260109579127693,-0.0190314750250058,0.008859909547319725,0.009285716042624568
2024-04-20,-0.0035991700911718882,0.011262560604153274,0.00950691581715107,0.010733094712250804
2024-04-21,-0.004654894355105433,0.0016913879074399642,0.009143334250591321,0.010716528580559073
2024-04-22,0.011694110278970582,-0.00668011973000886,0.00889085221562862,0.010107485699208038
2024-04-23,0.018862556701581278,0.007129841200016821,0.009322715485189453,0.009807722145762561
2024-04-24,-0.008719656543644375,0.00030340008601192095,0.010728933951994944,0.009593570477383842
2024-04-25,0.004059286315610232,-0.004694120968754706,0.010473359538415928,0.009145407632513921
2024-04-26,0.009286777658199533,0.005145500351604389,0.009969994411029144,0.008894619822050033
2024-04-27,-0.006341401121361878,-0.0032283812331604686,0.009906818599936374,0.008714300133107672
2024-04-28,-0.012704187116830294,0.01177267073819451,0.009619635161264548,0.008473102500652674
2024-04-29,-0.009795160820883069,0.0015324063392831153,0.010008473486931634,0.009016337971718196
2024-04-30,-0.0006282658397764397,0.004147486631509131,0.009986498424452239,0.008675846198214064
2024-05-01,0.026095851308606137,-0.0004038852741383033,0.009477530924339558,0.008481533489877114
2024-05-02,-0.01491262787404194,0.005580946401032368,0.012245742912928485,0.008219819986069781
2024-05-03,0.01298694119937873,-0.004823727131365702,0.012337148074113232,0.008195550546231375
2024-05-04,0.002076190764316292,0.0024409400079975444,0.012191400340145046,0.008127759429784697
2024-05-05,0.0022221047306478655,0.0038282959445756887,0.011372565700488797,0.007965186594865658
2024-05-06,-0.007320265191818862,0.011452253498554369,0.010675297440022182,0.007888025290067694
2024-05-07,0.01742508008140161,0.0009635502094817245,0.010321250340642399,0.008537690870540645
2024-05-08,0.010148112072535907,0.027574739294086333,0.011206511877461897,0.008270826755612144
2024-05-09,0.007146501546560317,0.011671398770849545,0.010989410567970903,0.011864311395557799
2024-05-10,0.012189136436505713,0.022226329882266437,0.01056981381769061,0.011671832025840202
2024-05-11,-0.008920682210874728,0.02163735669370633,0.010688043601112873,0.012976374851054363
2024-05-12,0.01795416930343992,-0.008049319290133396,0.010456829248207773,0.01383931226214398
2024-05-13,0.019569922932123566,-0.013607154070196862,0.011389093110454286,0.013026910808582147
2024-05-14,-0.02424146380274633,-0.011222464652888875,0.012331558776562003,0.012817011678266155
2024-05-15,0.01975930240337114,-0.01827559984062266,0.013799229334199383,0.012410278078156945
2024-05-16,0.019280774544738907,0.011511344072422445,0.014190771202476977,0.012907817651919434
2024-05-17,-0.012476178361378109,-0.004415078004399913,0.014431812656812903,0.012511614982228789
2024-05-18,0.00013099900006623076,0.00040803108101012737,0.01386316255042723,0.011712459133304121
2024-05-19,0.008036800204675437,-0.014211706471500213,0.012796543939418028,0.010943582964265511
2024-05-20,-0.02802173024772627,-0.016349851725894884,0.012143321011475902,0.011225278017038954
2024-05-21,0.01142508120728358,0.0017007353784441869,0.014369757574776112,0.011727627995197033
2024-05-22,-0.006673201006044862,-0.005003381012992257,0.013720247602196207,0.01096900436674781
2024-05-23,0.021889478345468078,0.004037626865975184,0.012847152080487118,0.010428740460587902
2024-05-24,-0.0013264122100374628,-0.0019975380797875937,0.013782393822808983,0.009931623489960089
2024-05-25,0.009577836037648954,0.0010430726226061812,0.012733398624275305,0.009450329727320723
2024-05-26,-0.002066800215031483,-0.0077990818511180626,0.01220184603804546,0.009030824193486909
2024-05-27,-0.015864207878446404,0.013746237137281762,0.011381353333493252,0.009018159250256046
2024-05-28,-0.0031996419876252516,-0.022409331179535717,0.011781149015376661,0.009693175978688379
2024-05-29,-0.0008605322683030549,-0.012033537120428083,0.011048083480084037,0.01163546049086448
2024-05-30,0.008051269446403471,-0.003726858349949473,0.010378929156941179,0.01152335689937818
2024-05-31,0.01329804846279177,0.010242658643199178,0.010132128617704277,0.010845236313719317
2024-06-01,-0.012314943377022646,9.62981965128633e-05,0.0104791141587654,0.010704509618307755
2024-06-02,0.019342287158408522,0.002336180829868122,0.010630863082547784,0.010083161620693172
2024-06-03,0.030783264419718896,0.014499492287016403,0.011739872535753334,0.009585504300880583
2024-06-04,-0.015674224952320275,-0.004280456119254841,0.014663581505144692,0.01022394453329462
2024-06-05,0.002673039288057951,0.0015422076013994626,0.014373052244809073,0.00977013121277266
2024-06-06,0.005306983403623673,0.006153204585430567,0.01326582898160379,0.009306030924105996
2024-06-07,0.005550010189768425,-0.01479748470395931,0.012393634742881564,0.00911416271060321
2024-06-08,-0.009842887818254998,0.003934978462147047,0.011660274740443387,0.00991720348125776
2024-06-09,-0.001908779303624019,0.0074067409948547925,0.011333924725282631,0.009498902329253257
2024-06-10,-0.021117409111069303,-0.01992376560117633,0.010636288054847553,0.009363188430499549
2024-06-11,0.001785012401532961,-0.008383567271163525,0.012045704447021,0.01094673840196678
2024-06-12,-0.004846531807067172,0.0015926893583446283,0.011242678658902772,0.01062512519135129
2024-06-13,0.005363102587507491,-0.008050193971346075,0.01065209584061135,0.010028374454752308
2024-06-14,-0.01136079241523632,0.007922263627035502,0.010180864578927895,0.009845567411856597
2024-06-15,-0.010119604614979608,0.003164997910208958,0.010287213582393633,0.009686298788843709
2024-06-16,-0.003547955605178538,0.006394259756961894,0.010242170199141337,0.00927691913075493
2024-06-17,0.004514030386191491,-0.007860524623982961,0.009756046289772046,0.00910701041126031
2024-06-18,0.004458168054813032,-0.00841063339203216,0.009390527056522756,0.009084541575724511
2024-06-19,0.005312399417759272,-0.002916396249750007,0.009084774348321719,0.009115755148004492
2024-06-20,-0.00924973132266601,-0.005409400078219929,0.008879676724144879,0.00879364146660824
2024-06-21,-0.010404893445474992,-0.003001673188694019,0.009035191195232514,0.008648044005162446
2024-06-22,0.014626924006321549,-0.004741258157237984,0.009280836422903624,0.008410228075703616
2024-06-23,-0.002085674501118591,-0.003446601126585906,0.010015080147239272,0.008296595803077324
2024-06-24,-0.0031944726258057083,-0.0014187737455604809,0.009522419235517967,0.008139699470391431
2024-06-25,0.010538474220053464,-0.013511022378529455,0.009141205610491008,0.007950160870620268
2024-06-26,0.006097726461431101,0.0017269332056624495,0.009378446347838803,0.008877996331735312
2024-06-27,0.015106206554834715,0.005276695867883474,0.009169647295249501,0.008564653228399062
2024-06-28,0.022841219925438045,-0.0037887752669674897,0.010004283725642448,0.008453814515731644
2024-06-29,0.008958757268502602,0.0035088391359827734,0.01192647001667913,0.008283058957623959
2024-06-30,0.00839309562105681,0.0068810275886214195,0.011481223054474287,0.00813132509278777
2024-07-01,-0.0055391952653367875,-0.008631347173894037,0.011067935293978448,0.008223722531750263
2024-07-02,-0.00987162076571573,-0.009265136069701077,0.01053886245076327,0.00845894232318689
2024-07-03,-0.010455067112952923,0.005911211684716965,0.010421083775649124,0.00870788371653007
2024-07-04,0.0033634201975860085,0.009944326375984833,0.010383161006211592,0.008611389749316951
2024-07-05,0.005104887049069551,0.0029761831273555353,0.00986809432095596,0.008900212887281047
2024-07-06,0.009356473518081063,-0.009376032971366514,0.009513643655309066,0.00861723842956051
2024-07-07,0.014344586855812724,0.0034585618083783657,0.009547873697824933,0.00884287498212718
2024-07-08,-0.005978169006450931,-0.005801088394556763,0.010173801203389482,0.00858797504292263
2024-07-09,0.00028955797508572366,-0.0032265498790877254,0.009817272289584336,0.008506933344421813
2024-07-10,-0.007785566146197889,-0.009242451892465097,0.00933335162459692,0.008302734149265087
2024-07-11,-0.008787195255267178,0.005225934606449263,0.009260165552536037,0.008584323338571963
2024-07-12,-0.004877036019791733,0.013906168754642281,0.009290964045443242,0.008466612368356628
2024-07-13,0.020158158867905045,0.00046118887225395745,0.009024198487888541,0.009310476515198698
2024-07-14,0.001010146111424976,-0.0038802640078765384,0.01076030034773276,0.008908942017413869
2024-07-15,0.01037138962325823,-0.014403547047400989,0.010135545884429557,0.008660314265244422
2024-07-16,0.0036358219817028024,-0.011218350869974858,0.010145935371962725,0.009526124673386666
2024-07-17,0.007205662829749971,0.005276941947619888,0.009678529010438457,0.00975616628899444
2024-07-18,0.0005560756724117097,0.003411846410092923,0.009493750403624645,0.009430314743351055
2024-07-19,0.0017442677423894321,-0.01271284790381771,0.009062889130757548,0.009072416355058769
2024-07-20,-0.015821287244342223,0.007754111620399183,0.008718544288631943,0.00959211347921773
2024-07-21,-0.013729192862985035,0.010230077402760796,0.009789878682448927,0.009466759609323212
2024-07-22,0.007039536552670666,0.006612465490608646,0.010272412246427725,0.009600056164794995
2024-07-23,-0.010261227691698245,0.008290213028849084,0.009968624287036064,0.009386231015707196
2024-07-24,0.0025904584975353284,-0.00309937448684112,0.010001402677372595,0.009346327051336738
2024-07-25,0.003117321937056783,0.007540287183976518,0.009523313075537835,0.008991311122489716
2024-07-26,0.003742530203825885,0.003727434133432928,0.009139286796774324,0.008964403697001262
2024-07-27,-0.008409905934851775,0.01275205301243788,0.008844314770269639,0.008699299019815103
2024-07-28,-0.010964843185533906,-0.007051345169928716,0.008924694660759732,0.009316851847707325
2024-07-29,0.020294101827663932,-0.01527883075145354,0.009259747212455077,0.009187770651918213
2024-07-30,-0.0027068001911577906,-0.0039719786911550006,0.010944377170493298,0.01004372294296074
2024-07-31,-0.0023377590218331542,0.0014384569304668581,0.010322605777975691,0.009606183316815462
2024-08-01,-0.007918938686895336,0.008430847976992945,0.009787311365355347,0.009166783632610285
2024-08-02,0.011629247141201463,0.0005049767217978626,0.009638678851513411,0.009183237854634391
2024-08-03,0.005013029613967301,0.0015516852319065353,0.009891776529481637,0.008802896463368622
2024-08-04,-0.0006437050245437406,-0.006688475200888654,0.009528422792803347,0.008499032981564545
2024-08-05,-0.0004938202596144768,0.0006067581062833712,0.009092530360168933,0.00850061288076735
2024-08-06,-0.0046793413007042775,0.001450817907251569,0.00872718010157666,0.00823681680134312
2024-08-07,0.009126347728935863,-0.01324746757614871,0.008551056164073076,0.008030355413996992
2024-08-08,-0.0070012816371461655,0.003698194335740595,0.008765014061817072,0.008896000572066068
2024-08-09,0.007210002554014595,0.0038786471697511123,0.008738545168352957,0.008641685314627594
2024-08-10,-0.004268920120379258,-0.013128857349907428,0.00873430884560224,0.008440815745434918
2024-08-11,-0.001837362551445637,-0.00412104901751304,0.00853539036645134,0.0091779401768658
2024-08-12,0.004786196213022151,-0.007292218359798062,0.008283713000865842,0.008893029473277173
2024-08-13,-0.002994250605552924,0.0031258257320063445,0.008196748640987217,0.008864898388067331
2024-08-14,0.008162283478026914,0.012575507104210135,0.00804026767562536,0.008593382186036783
2024-08-15,0.00043048435780140414,0.004053041439583081,0.008269160210936292,0.009213648127047148
2024-08-16,0.00768471314487909,-0.002010382857587578,0.008044982296657757,0.008919403788276955
2024-08-17,0.006190939290967869,0.0006806955426811987,0.008226960175832696,0.008605159793639607
2024-08-18,-0.01571641265119157,0.011608082903588507,0.008244942202237362,0.008323782475620078
2024-08-19,0.0024806663133611065,-0.007220628015075604,0.009438422548119002,0.008882738464618348
2024-08-20,0.0027990143594997983,0.0019002307531974312,0.009048890909569935,0.00885077290398176
2024-08-21,0.005788466298580327,0.00901267902848403,0.008734379742895688,0.00854576108312337
2024-08-22,0.000985930521592732,-0.02977446687302362,0.008624508438367097,0.008749106486888151
2024-08-23,0.009302816958456864,0.005003877942833656,0.008342836600468273,0.012644737214050942
2024-08-24,-0.008439480762768561,-0.03816438955207003,0.00862186629274345,0.011849699693097777
2024-08-25,-0.005142969674686379,-0.004286478205181522,0.008751671054745523,0.016370228136513443
2024-08-26,0.01263534965999121,0.0022388312624023006,0.008597581677881919,0.015040774080264179
2024-08-27,0.0059380110793072795,0.010963422340887478,0.009224962583626272,0.013837671209021712
2024-08-28,0.0012305217425368738,0.010537901879194891,0.009033600904027217,0.013236486638593257
2024-08-29,0.023387936875698737,0.019609275346250687,0.008685400083500973,0.012699149594696495
2024-08-30,0.011671525348053952,0.009683798210487567,0.011182508610260483,0.013321677383246137
2024-08-31,-0.0007576116816327978,0.011628702691341728,0.011120307974596138,0.012702411795433872
2024-09-01,0.014815499052509014,0.01823651807917749,0.010439655028108343,0.012353286403422526
2024-09-02,-0.017139470576270598,0.00877681738958066,0.010915082175696884,0.012858460527497211
2024-09-03,0.0018837463800473549,0.007076093976676847,0.011605488369097494,0.012246438586738908
2024-09-04,0.0317520414370165,-0.001931461442274514,0.010867600391560225,0.011618404238263116
2024-09-05,-0.00895480488422968,-0.006880145838957522,0.014328398520362046,0.010879471860584574
2024-09-06,0.00047468333230743845,-0.018763636203890894,0.013500416896455938,0.010460591142413211
2024-09-07,-0.020510464378739962,0.010075456885016482,0.012483250279037406,0.01152157011861593
2024-09-08,-0.006557486508211709,-0.0011886368795579947,0.013294101884912198,0.011240495787229734
2024-09-09,0.013650916977787883,-0.011666757206520526,0.012477442801779487,0.010546102701819667
2024-09-10,-0.017330001901315645,0.005866127342967716,0.012376753068991428,0.010610727973586559
2024-09-11,-0.018306921391915167,-0.007107100425649471,0.012750690562263339,0.010174044599074315
2024-09-12,0.024342404717617706,0.0016770559349425574,0.013174916505870132,0.009892423082803792
2024-09-13,-0.011246026283631137,0.01196784016871839,0.014426295667736367,0.009411125289796329
2024-09-14,-0.016759205493921292,-0.012990107919094279,0.01375288028274701,0.009755938868535112
2024-09-15,-0.0032109961567330283,-0.01067480332791165,0.013762284321143977,0.010149727333295557
2024-09-16,-0.006659135213766528,-0.004966442980760368,0.012749565695374087,0.010188656170524007
2024-09-17,0.012090893693741368,0.012042100269486319,0.012019798189489303,0.009773102231995732
2024-09-18,-0.02322102078733148,-0.013067509360806213,0.011840583171625278,0.010045498478406545
2024-09-19,-0.008463059407399255,0.007545283141016503,0.013269555701526284,0.010382948128215337
2024-09-20,-0.003725194363610054,-0.00023534796230053413,0.01257088796649003,0.010096416157943326
2024-09-21,0.007855039052071461,0.00934344665157086,0.01173922854013424,0.009568470841980927
2024-09-22,-0.0027026654564091955,-0.01275723209338854,0.011243564969570755,0.009590334036734404
2024-09-23,-0.010762094881892713,-0.011366752237429011,0.01057660827661182,0.00999271247546808
2024-09-24,0.00044838677758620896,0.013391767379671756,0.010539164233192358,0.010139218300076691
2024-09-25,-0.002736372215070364,0.007466642766234621,0.009943806678410048,0.010496520449387602
2024-09-26,0.0024512103500997193,0.0018287957369728098,0.009479040367886125,0.01018413612710406
2024-09-27,-0.0051048372574588295,-0.0016931989030037663,0.009081993627770029,0.009659593796276626
2024-09-28,0.019804278365264872,0.0067806794759457745,0.008865214207586769,0.009215904410298863
2024-09-29,-0.006604797018669471,-0.007219487044451771,0.010587471960482752,0.00908537708052693
2024-09-30,0.013017366118554578,-0.004286032630857987,0.010199901194471901,0.00901373178404993
2024-10-01,0.02259008538360157,-0.0047482253849726284,0.010496455095318644,0.008765551671806602
2024-10-02,0.005971037984118957,-0.002947632460630432,0.01221358470795014,0.008586179669651634
2024-10-03,0.008510994598346639,0.005373338818617711,0.011528341190101807,0.008357442118730315
2024-10-04,-0.01901832393681309,0.009828672769958812,0.011116016524889973,0.00829245126728571
2024-10-05,0.022831874611760138,-0.002680283706399393,0.012042521465285306,0.008641300785075108
2024-10-06,-0.016597949491679833,0.001574918366066684,0.013347183538941824,0.008393810545943407
2024-10-07,-0.006166102174455445,-0.0013100125257681486,0.01341890604597093,0.008161671469186322
2024-10-08,0.011227223306476075,0.009282089472735925,0.012564064357486337,0.007966298903412486
2024-10-09,-0.000865356914836752,0.006564435799231803,0.012202033636267144,0.008329781093930158
2024-10-10,-0.008406648307349055,-0.01128547903652341,0.011366027632707982,0.0083556797565764
2024-10-11,-0.007500547041360369,0.008730149820127672,0.010973442527043673,0.00886510637634707
2024-10-12,0.019326051693117383,0.0030216575452530125,0.010581066737689092,0.008971824811004007
2024-10-13,0.006948322382551974,-0.006728341876956239,0.01170114550163568,0.008678015544095096
2024-10-14,0.009597701880500208,0.0022763244453767734,0.011151742609724563,0.008647162625287278
2024-10-15,0.018049765075320773,0.0024377162339717226,0.01089498410854889,0.008386709871731235
2024-10-16,0.0046849261710080175,-0.011556787090367301,0.011727742532467757,0.008177026844875358
2024-10-17,0.01743092940421408,0.00602556380043874,0.01105562342199942,0.00876623905689651
2024-10-18,-0.004664801696103479,-0.005783259294229274,0.011754368438530387,0.00866650446682179
2024-10-19,0.0034168437633739844,0.003163369730840364,0.01107737240492403,0.008569203495377068
2024-10-20,0.009763047339774998,0.0134549177762135,0.010456291199475496,0.008351388485847475
2024-10-21,-0.00018002421324491108,-0.005113444713980851,0.01034402870522176,0.009159696116668021
2024-10-22,4.690563604477734e-06,-0.013405547255345863,0.009777647199367384,0.008929432123268336
2024-10-23,-0.008726471896067046,-0.006997314026633875,0.009299565043827382,0.00957907491132501
2024-10-24,0.0024664823302232284,0.0022395851535334742,0.009316687135392373,0.00939697724186633
2024-10-25,-0.006579870129255349,0.008062676811708596,0.008947004015398614,0.009008003063571622
2024-10-26,0.011562875308339916,0.0023281712071026557,0.008852602655323113,0.009023079911629895
2024-10-27,-0.0032377589422139803,-0.01012059001555157,0.009277115260577977,0.00869912725451728
2024-10-28,-0.01622541050385705,0.004433344663022479,0.008938691310433965,0.008987907777592986
2024-10-29,-0.0019177156469534354,0.0066888715520585056,0.01001232023441368,0.008751653756001102
2024-10-30,0.0027246502455638795,0.011752333628087516,0.009516564953354581,0.00870328989727082
2024-10-31,-0.004314047263699425,0.0017212010133955315,0.009121095257982919,0.009187466386296972
2024-11-01,0.014386195427917947,-0.006206132657276578,0.008855314977091557,0.00882178463647355
2024-11-02,-0.017294528316982003,-0.009260313508300184,0.009665895952462264,0.008724145550930939
2024-11-03,-0.00444775261784519,0.007816765261160673,0.01070764710950778,0.008914253367627778
2024-11-04,-0.01520930699606441,0.010871499330680755,0.010183379381735472,0.008926438953839284
2024-11-05,-0.012874369623256743,0.00277071676469807,0.010774658901141024,0.009250081063806669
2024-11-06,-0.0005712220646237144,-0.00010924156069719848,0.010929298187366543,0.008900499249402455
2024-11-07,0.00525078180512347,-0.015396635150718398,0.010275810262914074,0.008565996899529518
2024-11-08,-0.009388552546193555,-0.0171401688269553,0.009860572610352288,0.009612839315344514
2024-11-09,0.0013997174297157083,-0.0022312813567983607,0.009828489489971871,0.010644429646710038
2024-11-10,0.013738673682760667,-0.009025209231382926,0.00935282232333615,0.010056886578475829
2024-11-11,-0.003649586118583442,0.0067437926136627935,0.00994260246543399,0.009952799319231036
2024-11-12,0.006089079616905787,0.001610957009570257,0.009508744549740463,0.009684753239640022
2024-11-13,-0.0026258392587069244,0.006515370039929382,0.009275810874951954,0.009235533254709372
2024-11-14,0.007044275277203075,-0.0037295945741920166,0.008917512943167404,0.00908190862510712
2024-11-15,-0.011357671062371651,0.004112471047033694,0.00886452542956181,0.008796353732576943
2024-11-16,-0.0176340058262386,0.010256837794197594,0.009260859467089533,0.008578572900090394
2024-11-17,-0.00475767693813191,-0.003602825560470202,0.010474093306980188,0.008910320002972972
2024-11-18,-0.01302725420191925,-0.00833201374745066,0.010001442569320935,0.008649455315002325
2024-11-19,-0.003606416993244254,-0.010036679016315634,0.010343791276803793,0.008763144818257214
2024-11-20,0.005842721684421901,0.007116357657893767,0.009843568394407686,0.009028159184033789
2024-11-21,-0.020315695602313652,-0.01088027411845539,0.009535743843899484,0.008959373930878723
2024-11-22,-0.01919047785333375,-0.012348962429228224,0.01113629549292583,0.00927654792883217
2024-11-23,0.006062734289881661,0.006795947734699526,0.012084746826828332,0.00970016291041472
2024-11-24,0.0032850987286965785,-0.005306616748530576,0.011424034287492342,0.009481192907653818
2024-11-25,0.0025983084034340654,-0.005005172982157269,0.010746442894612566,0.009204913540783236
2024-11-26,0.007669590970853718,-0.0013014268133210757,0.010152041595938755,0.0089604420813243
2024-11-27,0.009651300473292202,0.01006763283485353,0.009916320961856602,0.008625600791206198
2024-11-28,-0.007715502855025933,-0.000986723330489939,0.00989856036085159,0.008925049820429447
2024-11-29,-0.008080359574774328,-0.0034963041780880742,0.009712780045101878,0.008592006385636099
2024-11-30,-0.001417382943799477,0.007986141962011497,0.009591647306348795,0.008383344993212484
2024-12-01,0.014762246023514338,0.0035241371524601895,0.009154269816891342,0.008520693925022582
2024-12-02,0.000119249994892402,0.011965848669804333,0.009941474511873718,0.008326087570886365
2024-12-03,-0.009695449590074231,-0.0033661999914431392,0.009437571426607377,0.00893180501518705
2024-12-04,-0.002050144806143701,-0.011993138340661801,0.009521259256065864,0.00865764649900281
2024-12-05,-0.0016082426800514298,-0.0031535070111508405,0.009107349319620484,0.009184084660279526
2024-12-06,-0.004829056422962405,-0.006254533739142237,0.008752924868606337,0.008858464284777759
2024-12-07,-0.0006329097744204344,0.005670702940699639,0.008580380737355963,0.008757273024015716
2024-12-08,-0.001645405488747327,-0.00948013120097668,0.008302915413073115,0.00863525053706542
2024-12-09,0.006132075717490147,-0.005922563335514636,0.00808835331866491,0.008867994712959862
2024-12-10,0.013589078047368218,0.017027836964897982,0.0081300309216232,0.008741895665677181
2024-12-11,-0.005748642771161184,-0.003060579540254254,0.009019103417024665,0.01000656359765844
2024-12-12,0.015274874708006224,0.012192269488481301,0.008853251974762222,0.009541580935013269
2024-12-13,0.009019020682156171,0.02563108208878149,0.009799807965334513,0.009884258035861982
2024-12-14,0.001260378414330175,0.020083027258844477,0.009744909559994033,0.012403793066630356
2024-12-15,-0.001908868417994361,-0.017096601540532427,0.009280596168388182,0.013168753332786626
2024-12-16,0.006032717931259867,0.014789487656265305,0.008903255025903884,0.01334024849451451
2024-12-17,0.00529816194137888,0.009628209653792172,0.008778025325142361,0.013200101455284339
2024-12-18,0.012763049482301678,-0.009061438268127211,0.008628443363827574,0.012596205176860904
2024-12-19,0.014294210440694961,0.022148959708685436,0.009265504363767371,0.012047509046884754
2024-12-20,0.007795767014038304,0.0013463729780091816,0.00995550611994594,0.013235241630038837
2024-12-21,-0.012466358233730214,0.0023300419542792924,0.009765606996861055,0.012260447333764043
2024-12-22,0.004314165021026449,-0.00010444673338997627,0.010091316701743267,0.011436685035886563
2024-12-23,0.004818038815951972,-0.01349519866292776,0.009660690462009996,0.010706974483955255
2024-12-24,-0.004989604490796494,0.0022249197914655746,0.009326548234229999,0.010950957984361178
2024-12-25,0.007303164225296093,-0.01866856625555998,0.009059647723272281,0.010316676375075483
2024-12-26,-0.000740144907060276,-0.013218608215045873,0.008999744122251399,0.011401692231693319
2024-12-27,-0.0035472392690959007,0.003078103638990476,0.008651652839841853,0.01146612527889402
2024-12-28,-0.011884645048349447,0.0076490428079144315,0.00843440383975871,0.010776135454339399
2024-12-29,0.010371385104150341,0.0044842864201633465,0.009001989407805082,0.010428368129863235
2024-12-30,0.006250547685550311,0.01093763241765989,0.00925122767725706,0.009950455866510033
2024-12-31,0.005472348120176363,-0.010215973995672286,0.009076073240454348,0.010058451066216686
2025-01-01,-0.0012488201998614315,-0.020526193218578122,0.008882271318064596,0.010068493569010496
2025-01-02,-0.011196188801129344,0.004272353886441805,0.008559891950447072,0.011542621496176889
2025-01-03,-0.006591500971703892,0.020798234721310347,0.00900848847086548,0.010881681376345445
2025-01-04,-0.01111620583681723,0.005636813524743066,0.008903206171361549,0.01216492697936632
2025-01-05,0.013223506500482422,-0.0032918691074223993,0.0092612454521228,0.011470210346890953
2025-01-06,-0.0023375931082908726,0.0041230648184078554,0.009803195717540392,0.010785926967283787
2025-01-07,-0.0006538707306763371,0.005159383301915026,0.00935032358665275,0.010235670118978189
2025-01-08,-0.0006533987413319943,0.017889706371037005,0.008943466645173745,0.009822274575333472
2025-01-09,0.0014972080077862626,0.010629455912136963,0.008604136766589993,0.01091722591461705
2025-01-10,-0.0057536013034921885,0.0006289934524550169,0.00833361258881204,0.010800332894658165
2025-01-11,-0.012514476208895122,-0.004157126807704659,0.008298775320508437,0.010166480009554502
2025-01-12,-0.01428102940430949,-0.0008627014669312911,0.008986487018547578,0.009716687859413346
2025-01-13,-0.007787032795776679,-0.003644988265683125,0.009746811747042955,0.009252331800574443
2025-01-14,-0.003550625115487048,-0.003731738502670311,0.009595001790624419,0.00893381827350622
2025-01-15,0.007781593411351823,0.012433856260033366,0.009214767569545168,0.0086742765911895
2025-01-16,-0.0015825584744669583,0.009460840830428778,0.009164326090365429,0.009254973671161015
2025-01-17,-0.0023939708147173106,0.0025263223396764065,0.008799906095234922,0.009352773975937713
2025-01-18,0.009366633878119294,0.0025778069458898567,0.008516089915808428,0.008978737956549182
2025-01-19,-0.0022233173051661483,0.007987234853561797,0.008763128036493614,0.008669411577433003
2025-01-20,-0.005511649573211158,-0.015453787766009794,0.008481052079260535,0.008746802257953403
2025-01-21,0.005599478643174835,-0.022015737330182465,0.008401215602440604,0.009751266349735218
2025-01-22,0.0014031278742209943,-0.017660389093095388,0.008342646761459476,0.011599095885367174
2025-01-23,-0.0012038795788343263,-0.02531201426255262,0.00811644508219786,0.012199186635932153
2025-01-24,-0.0011198613650275425,-0.0061645844284582895,0.00792756439405575,0.013896975579794735
2025-01-25,-0.005874838656214726,0.002826413206103117,0.007771900071746197,0.012973085767460571
2025-01-26,0.002170092946992505,0.00786814462877383,0.0078596003399551,0.012059835182334536
2025-01-27,0.006856367923013068,-0.009064205879670138,0.007738836110353837,0.011512709050870231
2025-01-28,-0.009255371642706876,0.0038999411969770337,0.007912815275482266,0.011146746546633963
2025-01-29,0.004596949722380071,-0.008427601932996054,0.008285910142620824,0.010531900160650252
2025-01-30,0.003121854847539717,-0.009791134403554034,0.008187688329942605,0.010287817272348286
2025-01-31,-0.00012753672542772254,0.004994205009862957,0.008037735372574378,0.010210679638213517
2025-02-01,0.0025391845636072025,-0.009685705591356238,0.007854029443365997,0.00979288472858925
2025-02-02,-0.003493480178218801,0.011034004056358173,0.007745538627017111,0.009803150632638069
2025-02-03,-0.0056973392555990906,0.023179717978267417,0.007695137118573785,0.009952704879203775
2025-02-04,-0.01378793173587243,-0.00033497575075023574,0.007785761085357082,0.011957215398462248
2025-02-05,-0.005357751878359649,0.006005055954801486,0.008803701874661384,0.01115308123092167
2025-02-06,0.004541363865179368,-0.00322323353717267,0.008653015883340312,0.01063574381305132
2025-02-07,-0.003192024662020841,0.010477843692611045,0.008483050493629487,0.010076416059740835
2025-02-08,0.009523782550550777,-0.0017038325133948685,0.008281824598859174,0.01010969086233013
2025-02-09,0.00533676637049368,-0.003193938001353664,0.008598903322868136,0.009594528857055733
2025-02-10,0.0006864872304071105,-0.0034237145881421257,0.008485341372870592,0.00920131029727556
2025-02-11,-0.010409757648483706,-0.0011330568579931697,0.008224836839905745,0.008882762583087827
2025-02-12,-0.023068817765428424,0.001634027049368193,0.008657635835750604,0.008558689074288693
2025-02-13,0.007663231732791311,-0.0015685887806266459,0.01109868289127287,0.008298670458337626
2025-02-14,-0.005321519472737094,0.0029196269030166357,0.010696593924977823,0.008083340409579401
2025-02-15,0.003275479287123763,0.0018772546098759482,0.010215946075942745,0.007945107668684753
2025-02-16,0.01089691317777275,0.006108806653946132,0.009724470157149626,0.007800781831369512
2025-02-17,0.0001879315460871271,0.009563928705497592,0.009875552012430833,0.007900222124600636
2025-02-18,0.005901084586322546,-0.006158237871652299,0.009382150812408785,0.008311298389710696
2025-02-19,-0.004438360188297019,-0.007610740647323706,0.009159808023256798,0.008309905782055014
2025-02-20,-0.005645245788081319,-0.0010545217466939444,0.008893344170470503,0.008428283609691098
2025-02-21,0.002545924505601387,-0.00997890384485749,0.008744148696604967,0.008181685235679453
2025-02-22,-0.015714068343088715,0.005124056885568803,0.00847444879042247,0.008573787426282465
2025-02-23,0.003634358474956236,0.005914708160465762,0.009599282276833022,0.008451831787341602
2025-02-24,0.00923186306447948,0.0014675570073476422,0.009221595975573052,0.008405066669073029
2025-02-25,0.01761274646705415,0.0010358876217310218,0.009303386234780006,0.008168934381315069
2025-02-26,-0.004503854210156334,-0.003257140833632259,0.010500632369437001,0.007968217959962609
2025-02-27,0.007840419269937664,0.0028272696086474227,0.010011947582817681,0.007864788274771802
2025-02-28,0.009249216107234927,-0.0008555695345822878,0.009815217417546696,0.007764229583776394
2025-03-01,0.009650814874742366,-0.005136307691237956,0.009778833990962472,0.007635431143460164
2025-03-02,-0.016660240978812087,0.007038330698532915,0.00978847782614321,0.007699221562412925
2025-03-03,-0.00512737829320713,0.005994694236347552,0.010696158257501934,0.007897861738210563
2025-03-04,0.00745856784641213,-0.005886651489192662,0.010205647553770736,0.007968350640342214
2025-03-05,-0.007090471686841134,0.003722399055532253,0.009944205198274148,0.008016293165639288
2025-03-06,-0.0021591935220254405,0.012445494931093771,0.009702435389864528,0.00792429115863639
2025-03-07,-0.0091985851372896,0.0033510388009821155,0.009261534087944188,0.008701985216113758
2025-03-08,0.003788748622397679,-0.010298099324484097,0.00933178481227028,0.008467737800955973
2025-03-09,0.001900121939879651,0.004474213983782302,0.009005622012853228,0.00882990100410446
2025-03-10,0.014005158337998168,-0.014017479454368207,0.0086742163109615,0.008624127809297312
2025-03-11,-0.0028129557747263315,-0.00047148738845237463,0.009476711924223528,0.0094418979766909
2025-03-12,-0.006640242763297808,0.011415161657507004,0.009090529529946698,0.009018967787809131
2025-03-13,-0.010368789039172004,0.008301516060798512,0.00897326384898044,0.00938637392887865
2025-03-14,0.0025655868214483893,0.01635070136420048,0.009228583309296219,0.009347445068945621
2025-03-15,-0.01515029371382582,0.003061153335391034,0.008876464582880708,0.010326389832060932
2025-03-16,-0.0002945709290918905,-0.004088854978513796,0.00979726690227573,0.009810429529089473
2025-03-17,0.0007360340502635236,0.007712473891850019,0.009316535203967653,0.00941634194046267
2025-03-18,0.006004580214516561,-0.005439920062331297,0.008915853137963278,0.009321063339824477
2025-03-19,0.021694291456270734,-0.005130550869134565,0.008786321647734054,0.009081026949440869
2025-03-20,0.004654984895630687,-0.003145740910907585,0.010900632397109545,0.00886590636016729
2025-03-21,0.010154089530693605,0.004385070965251528,0.010354994821987424,0.00859494066632572
2025-03-22,0.0216354797718448,-0.017888953759610842,0.010300062506142535,0.008427412935364973
2025-03-23,-0.0022554387210913535,-0.003560865259105833,0.011903042829467813,0.009940749352431888
2025-03-24,-0.021218082188607632,0.007735021964797184,0.011129000101652256,0.009503829453943851
2025-03-25,-0.004951659828768274,0.0077970372254013804,0.012413879965035573,0.009393682766163123
2025-03-26,-0.0163828039785634,0.005495792232755814,0.011650554756535545,0.009309801269548
2025-03-27,0.01507000306830332,0.0008037065827269407,0.012059351870147488,0.009075146994365653
2025-03-28,-0.01585603400443055,-0.005537179514160902,0.012208721197172574,0.008715000218163339
2025-03-29,0.008209300604019623,-0.0013366769245732723,0.012425122939077847,0.008592265052899261
2025-03-30,-0.01276379106502658,0.001531438128737141,0.011842559084998247,0.008321074781029662
2025-03-31,0.02981179536729254,-0.014921111685158856,0.011768109482007077,0.008101034420578971
2025-04-01,-0.003198764707786882,-0.020086063403699256,0.014479814740753294,0.009206810758282297
2025-04-02,0.03633619373707707,-0.01845814945443229,0.013369937827335154,0.01087001774500855
2025-04-03,-0.003978191985460348,-0.00030674138322234944,0.01688301180285336,0.011772686895932319
2025-04-04,-0.011512359071922721,0.016460594452376503,0.01547938859178704,0.010994832169130338
2025-04-05,-0.031179572851406805,0.005591374491353164,0.014660921460826587,0.011567375869852051
2025-04-06,-0.015581135383209686,-0.010831990749761019,0.016708401203707042,0.01096219387174866
2025-04-07,0.0003891159024593689,-0.003630070332323289,0.016050349361002147,0.010856747116228412
2025-04-08,-0.006719577610030981,0.005288887278738964,0.01470054804443468,0.010276814069464743
2025-04-09,-0.0004703083946945213,0.009156830541223236,0.013689417904757997,0.009863445584551045
2025-04-10,-0.02342343326147626,0.014185893988738865,0.012646827628124734,0.009808914394344946
2025-04-11,0.012433477263051126,-0.006155298637129625,0.013885946918373356,0.010348710069493866
2025-04-12,0.02067615183765137,0.002738936061229213,0.013405773127312984,0.009973234691572238
2025-04-13,-0.0019699111480347103,-0.005493213809863492,0.014018635026069799,0.009503815299409715
2025-04-14,0.010661132819859795,0.0009511613250728372,0.012946264225190058,0.00923447583744323
2025-04-15,-0.0037447241483853943,-0.004769845921160223,0.012467982242970108,0.008849344946406469
2025-04-16,-0.02113600892432179,0.005865767170722159,0.011651727805933522,0.008655857426942328
2025-04-17,0.005060799599668929,0.003856386260293348,0.012778235246533558,0.008566201998934785
2025-04-18,0.01846769125770933,-0.007625592748320596,0.011966110732874027,0.008378008405826613
2025-04-19,0.016843795046930888,-0.002397484253235139,0.012595864674413176,0.008483382954624002
2025-04-20,0.0152051813840933,-0.002403534228043231,0.012856748759900583,0.008255242101737241
2025-04-21,-0.0037049444081475574,0.01130066856829522,0.0128591035858835,0.008068265947846143
2025-04-22,-0.004090718538592461,0.0003586410192435989,0.011985737246107638,0.008651476367255733
2025-04-23,0.01573781868321182,0.004407505061788768,0.011251653908754211,0.008360101494875285
2025-04-24,-0.0021993031441002774,-0.010026704563832232,0.011663947283680266,0.008237453956815913
2025-04-25,-0.011255309502472713,-0.0005425864443758801,0.010923453044763031,0.008621948654078563
2025-04-26,-0.003369341662308724,-0.014039881576350898,0.010868562937967442,0.008336656336914444
2025-04-27,0.002930272462895346,-0.0037080254913318023,0.010277926570713788,0.009236433216975499
2025-04-28,0.0048260594207769425,0.007501238334601885,0.00976561669046394,0.008923245158671553
2025-04-29,-0.0022589219969259763,-0.004530174907213526,0.009413973679023184,0.008906531366623841
2025-04-30,-0.0019562874266791266,0.004338045951456179,0.009022671068053665,0.00868983827563656
2025-05-01,-0.008619527431642456,-0.006920280659925879,0.008689624883239346,0.008502499378010508
2025-05-02,0.00903247022804826,-0.002925509482514797,0.008822544406440447,0.008521914396405874
2025-05-03,0.005100829378085769,0.012452292384812463,0.008968187313217132,0.008303871419823658
2025-05-04,-0.00716223116513441,-0.00024976561964945446,0.008771804431380882,0.008981613608325466
2025-05-05,-0.007629282508400926,0.00913879894656664,0.008757019921879638,0.00863375611735018
2025-05-06,0.008938611010301493,0.0029348593963367813,0.008784583854062568,0.008830920697961344
2025-05-07,0.004053794883987001,-0.003412645226087955,0.008928886127092993,0.008558590320056935
2025-05-08,-0.006157036859030167,-0.001094782274955733,0.008684660688398764,0.008352495995639381
2025-05-09,-0.0026762519692263274,-0.0015951513365751234,0.008609853384723849,0.008119803341749925
2025-05-10,-0.01381965886254895,0.013536492945459156,0.008367788997425267,0.007937217133581037
2025-05-11,-0.0038768037627850247,0.012138642436826398,0.009225736353921451,0.008872609356144135
2025-05-12,0.005108315713874725,0.0069492083902194905,0.00892156543209591,0.009365533698102925
2025-05-13,-0.003211367921836179,0.0037128945426061354,0.008734125757658686,0.009219529645557351
2025-05-14,0.0014520463241649228,-0.002490395260423455,0.008488772030948727,0.008909452289377845
2025-05-15,0.020469422436508854,-0.018950420002462734,0.00823761156692193,0.008609464497439668
2025-05-16,0.013730595720241632,0.005566998174431845,0.01030467471346932,0.010257199665265039
2025-05-17,-0.008023251349117126,-0.007118089919475473,0.010667801209415321,0.00986241668385104
2025-05-18,-0.0065548792390350465,-0.006831428875081617,0.010367200313295454,0.009637454575088618
2025-05-19,-0.001655145882782718,0.005168702678488769,0.010013976136012506,0.009432458141812615
2025-05-20,-0.011810346976734104,0.0017859977624580653,0.009513029235287341,0.00915688604360125
2025-05-21,-0.009140456351147682,-0.007744792490258703,0.009815630889363687,0.008797603560808479
2025-05-22,-0.0015116834092227824,0.007647633766288762,0.009768934539432029,0.008827029160608726
2025-05-23,-0.003346555482657447,0.003199854983027768,0.009304524936907763,0.008842046440961359
2025-05-24,0.007158668171389862,0.012026813731965959,0.00896544983818889,0.00857725686933385
2025-05-25,0.0009376804647121366,0.002740197741223482,0.008912243580584633,0.009127973114353935
2025-05-26,0.011865795968569813,0.001425693542243499,0.008580815402811547,0.008798112462749908
2025-05-27,-0.007669236935328985,0.005962392357817538,0.009109556837655445,0.008492860915698296
2025-05-28,0.00015247571261894314,-0.002938698440591715,0.009070222717210504,0.008441443092835055
2025-05-29,-0.0007509054331065727,-0.005480633562329056,0.00870732318201955,0.008238322890256958
2025-05-30,-0.010629592121774117,-0.00693501411062567,0.008408945682655761,0.008203639781204327
2025-05-31,-0.004169583841837883,-0.0114970691699203,0.00882423463324793,0.00828548167575454
2025-06-01,0.00283828493971945,-0.012300525613738343,0.008604198767549557,0.008839548926795112
2025-06-02,-0.007931725004919394,-0.00017089046236522625,0.008368475087201066,0.009361644792491701
2025-06-03,0.0035104291942737054,-0.008650164358781088,0.008503900656960326,0.008950711420420298
2025-06-04,0.005442325108191132,-0.009117967922834149,0.00831176109013975,0.00903187257929974
2025-06-05,0.0074247441781888366,0.004904004650918367,0.008260156668851607,0.009141854939515748
2025-06-06,-0.004813743776688193,-0.004927968904362794,0.008372385153965019,0.008903018339290428
2025-06-07,0.0020244128589093106,0.009998922746395177,0.008270107583812168,0.008708586348657859
2025-06-08,0.012902253924032223,-0.014609973552600833,0.00807004140637418,0.008981616032900867
2025-06-09,-0.005312198812413116,0.005544693535846186,0.008873965870595598,0.009791867746795762
2025-06-10,-0.014162026807203555,0.0015826278599302972,0.00870745438347263,0.009475172917537534
2025-06-11,0.024285379240021398,-0.019721112674489647,0.00952429051431132,0.009059447695532668
2025-06-12,-0.014668555324204633,-0.008156744831692944,0.011897380061339837,0.010702854878510937
2025-06-13,0.02985214986028043,0.009884154252152139,0.012031407789161607,0.010406446591671302
2025-06-14,0.010549487032783281,0.00278030985322156,0.014660112681672777,0.010315277750030754
2025-06-15,-0.013218853105537451,-0.018629087973123404,0.013894757671041286,0.009792700155535025
2025-06-16,0.004148790906329777,-0.0007127890867756948,0.01348796650100178,0.011019159357229103
2025-06-17,0.004581627110642862,0.0021168708872959037,0.01254039229307287,0.010353178506151162
2025-06-18,-0.0009775464952336509,-0.0028806382516862053,0.011743435689329887,0.009808096572706268
2025-06-19,0.006148870285099433,0.011638182899714229,0.010973704258206337,0.00936956852674304
2025-06-20,0.029651824772091818,-2.6207771673736685e-05,0.010493741405979024,0.009683789631264563
2025-06-21,-0.012057199384137015,-0.0016610535250749414,0.013638840060207859,0.009220666677784164
2025-06-22,0.01327616949554299,-0.008189808930853642,0.01316631961670489,0.008848302948450387
2025-06-23,0.0041000547154754164,-0.006126481736156922,0.012896016650377783,0.008907371614928484
2025-06-24,0.007475058876181568,-0.01455840237023904,0.012030246931150086,0.008787854864271107
2025-06-25,0.005737930743127693,0.01400290962064922,0.011461637034027685,0.009642397131925901
2025-06-26,0.009020714277832841,0.002344964598840281,0.010880610448000101,0.010197490168871228
2025-06-27,0.019370784819986248,-0.008663706123981955,0.010622969245231434,0.009681990006830295
2025-06-28,0.009388129667933134,-0.0036891113794799944,0.011738854753438568,0.009617625734772673
2025-06-29,0.012202783560698318,0.006546933069060829,0.011360205394448398,0.00923904400337774
2025-06-30,0.012058616486454819,-0.00177248684046149,0.01131963806604118,0.009087033649005398
2025-07-01,0.0010429407539176009,-0.002721386519399075,0.011271574331639516,0.00873919420716155
2025-07-02,-0.0047885412536508645,-0.006087830252474025,0.01057106819921989,0.00847581304484623
2025-07-03,-0.0003412550118663217,-0.00045522553508581503,0.01008419550741843,0.008436687331840751
2025-07-04,-0.001076737682238567,0.0018919820268732612,0.009558475020827477,0.008183084842342354
2025-07-05,0.0007237148265012177,0.009727056535956123,0.009121814083978117,0.007995515094637725
2025-07-06,0.011884067841773314,-0.0011226292375222425,0.00875319199270409,0.008402628885547216
2025-07-07,0.011626566929802953,-0.0035381545878184887,0.00924217522532971,0.008161456205303067
2025-07-08,-0.016953503004475234,-0.007015046588159229,0.009583942204222509,0.008033638509516971
2025-07-09,0.0027154562080270814,-0.003188235583614345,0.010593568093488473,0.008157975608242506
2025-07-10,-0.003934165347138162,0.011897090807859174,0.010025782672832724,0.008016142303714812
2025-07-11,-0.001025470266641,-0.008973404040654895,0.009589620444009272,0.008692577691097717
2025-07-12,-0.004915741412981593,0.003810901292652258,0.00914733923799183,0.008860074691575683
2025-07-13,0.00820959317323232,0.006207212043654291,0.008908170601860641,0.008617020117098128
2025-07-14,0.010181080658156162,-0.016248973616305645,0.008956793219924285,0.008558935488381002
2025-07-15,9.862715166749893e-05,-0.007504766869515667,0.009194822247568108,0.009747164496085715
2025-07-16,-0.018811157981759627,-0.0137023921812574,0.008811173455505422,0.009572769983008112
2025-07-17,-0.023184551777095712,-0.015332710951152854,0.010367998292432084,0.01010375649285766
2025-07-18,-0.010521479070278568,0.006745276582692023,0.0122371832945324,0.010732097592024167
2025-07-19,-0.027881387314055532,-0.012606011519730226,0.011868827918957176,0.010329192156092657
2025-07-20,-0.011722166378715385,-0.007035058183183513,0.01415741631765809,0.010547270790187668
2025-07-21,0.005494562496951115,-0.00185794556127079,0.013567861581480767,0.010195349001447402
2025-07-22,0.01360151611900441,0.002050994258391441,0.012660510101045203,0.009669607498751757
2025-07-23,0.013686245795929879,0.009204923406731015,0.012519222695059298,0.009231560273795998
2025-07-24,0.014855262281238587,0.013358383219663568,0.012414349838370557,0.009308621034469134
2025-07-25,-0.0007542179274979788,0.0011650531007897005,0.012464379137044887,0.009857229868225043
2025-07-26,-0.017306709968819986,0.021687378027542194,0.011590749858650898,0.009373778289077905
2025-07-27,-0.0013073060867052862,-0.020793462121365316,0.012142018235167413,0.011283989192709405
2025-07-28,0.00289341443529207,-0.007350646463282219,0.01131873625361701,0.012453896433655274
2025-07-29,0.017695638710955097,-0.0024999952825049583,0.010645572648410742,0.011810284901177685
2025-07-30,0.0020103259410512477,-0.008702036882598846,0.01148808672272881,0.011054920225801868
2025-07-31,0.0001694752731628447,0.014896305149717647,0.01076963556848962,0.010739718504210696
2025-08-01,-0.015964613729805312,0.004133580435413752,0.010138585325837267,0.011156309136587196
2025-08-02,0.0010802052171135512,0.008245341829059942,0.010849867237971857,0.010548897362401565
2025-08-03,-0.0020489253827125583,-0.009038429787685487,0.010212364055222472,0.0102869798598904
2025-08-04,-0.009533554235056479,0.01322407645131933,0.009687812611705099,0.010140359215181907
2025-08-05,-0.009951821138902039,-0.0009843118615110282,0.009704217443714162,0.01047612179240837
2025-08-06,0.004843180935181125,-0.012642027230383905,0.009759167144484139,0.009894250311750253
2025-08-07,-0.005925522139493799,-0.008294634844197289,0.00940950130667259,0.01021268998034469
2025-08-08,-0.01065242628543143,-0.011760179548275627,0.009183798404515513,0.010015953575549531
2025-08-09,0.003185772421312071,0.012970824747139962,0.0094244968610786,0.01020223716264324
2025-08-10,-0.001515531114822278,-0.00742395649096968,0.009059350278006893,0.01049250894497388
2025-08-11,0.01259247060941539,0.0002988103135215628,0.00871132282857766,0.010177706429558018
2025-08-12,-0.001636283377686153,0.00689330524085906,0.009304125318580875,0.00963729709479582
2025-08-13,-0.0028653896419400323,-0.009552128566708225,0.008917462681968193,0.009436830079483973
2025-08-14,0.005598067166368289,0.009686399731486274,0.008627743524667966,0.009506173024657984
2025-08-15,0.008152049601411825,0.0024051423456953754,0.008525503050370522,0.009574784302301636
2025-08-16,-0.01327089638736679,-0.0037663230565966235,0.008648291916898362,0.009160767790899799
2025-08-17,0.006892866707684062,-0.008607921032083372,0.009351258287328723,0.008863083670579606
2025-08-18,-0.00816508897848464,0.0052098331397900065,0.009203694170823867,0.008958405671257259
2025-08-19,-0.006279404268971639,0.010676630853088056,0.009188757093029663,0.008770214471214306
2025-08-20,0.0020272764583843255,0.01899182722264139,0.009027164412432082,0.009106721371283336
2025-08-21,0.0017208350624435017,0.0066868526618432435,0.008694983774978316,0.010602586921728923
2025-08-22,-0.011080252839589879,-0.00699903123868143,0.008412985297082268,0.010217792295715046
2025-08-23,0.005971721527307984,0.0005303564257148215,0.008882559179992098,0.009920749333931528
2025-08-24,0.006302304854474656,-0.010028840426679692,0.008757056118857574,0.009421525442898936
2025-08-25,0.0075991401558194,0.006419445251598306,0.00867875164657511,0.009543053880563292
2025-08-26,0.0043827108182548915,0.024629966463186378,0.008719591574444461,0.00932613690805009
2025-08-27,-0.004398063355239296,-0.01347251901376313,0.008529117022983278,0.011842507694737794
2025-08-28,-0.0033957266854090073,-0.004753765189790833,0.008374423316328377,0.011846808332101942
2025-08-29,-0.012886706587330538,-0.0028145086763381954,0.00820108948110258,0.011159629136938857
2025-08-30,0.005789508749454603,0.015055345082722429,0.008967330461649997,0.010508187469213236
2025-08-31,0.0008820182449115637,0.0023017598688295123,0.008813753663607232,0.01100017930156093
2025-09-01,-0.005234045803666584,0.01766465375534007,0.008498446830605908,0.010360162430317732
2025-09-02,-0.002020706787353002,-0.014237178552834863,0.008397523585771968,0.011272549476301207
2025-09-03,0.010088750551478929,0.008082993659557666,0.008174536530649467,0.011485905391872988
2025-09-04,-0.0041427049730037,-0.0017525584047405965,0.008581184461467703,0.01104872376281037
2025-09-05,-0.012245059094918692,-0.004026933313578247,0.00840390277542064,0.010390696970161102
2025-09-06,-0.008468323385136926,-0.004942178330109262,0.00902743666334931,0.009899236637830855
2025-09-07,0.010578335176670641,0.008620637549773193,0.009075623409119197,0.00953091923552384
2025-09-08,-0.007178198668688879,-0.00794027954446067,0.009331863143141387,0.009492221887193673
2025-09-09,-0.00162753469399307,-0.005544358309469519,0.009209755121097042,0.009401416117213032
2025-09-10,0.007605070019429621,0.0064012808786315855,0.008838583508146182,0.009153321305054944
2025-09-11,0.0016804681746721976,-0.005948637538692423,0.008847607345741653,0.009006901377253535
2025-09-12,0.006799099709265183,-0.003911441393566681,0.008538531602339241,0.00885652566147309
2025-09-13,-0.005375308399035394,-0.008841273121486906,0.008540959736760837,0.008618606314909377
2025-09-14,-0.017739110943649022,-0.0006026222386140832,0.008440840516112706,0.008788692217274952
2025-09-15,0.007314925623864624,-0.005229619552624427,0.009922995344243023,0.00847521115183797
2025-09-16,0.024525066585727402,0.004277951411756584,0.009701725772756211,0.00837843990973917
2025-09-17,0.0012387710320724405,0.016021933759346393,0.01206012750675738,0.008245525519032921
2025-09-18,-0.003909518794915453,0.0016705577067470897,0.011247701798606992,0.009490057376375913
2025-09-19,0.025965461628521393,0.0074779416263604445,0.010617771438540636,0.009073479349768902
2025-09-20,-0.011140051376245208,-0.004400708390667324,0.012946434876640486,0.009025208202876629
2025-09-21,-0.0031890984672499076,0.00420407617073772,0.012509924671180589,0.008780667965376339
2025-09-22,-0.012676998405406342,-0.011802101373621032,0.011671144208100242,0.008570153416333074
2025-09-23,-0.002051260106425113,0.000635354946293268,0.01162080524568263,0.009093238331139855
2025-09-24,-0.00506629405195855,-0.027776827447146008,0.010883715287018909,0.008728685712540396
2025-09-25,-0.004666269807934261,-0.007274223167758327,0.01036006468614952,0.012169929240447451
2025-09-26,-0.00010249413275387765,-0.009911386406950766,0.009901624090673498,0.011566208300192138
